type,nodes,features,id,searchedFeature,isSuccess,firstBandwidth,totalBandwidth,latency,pathLength
S,50000,20000,7857,8642,F,2200,2200,0,0
S,50000,20000,29213,1703,F,3003,3003,0,0
S,50000,20000,26457,5871,F,3339,3339,0,0
S,50000,20000,44807,6341,T,2370,3237,170,4
S,50000,20000,34546,13801,F,2992,2992,0,0
S,50000,20000,36346,15832,F,2872,2872,0,0
S,50000,20000,42800,11739,T,321,3785,112,3
S,50000,20000,8572,8414,F,3088,3088,0,0
S,50000,20000,27615,7922,F,2841,2841,0,0
S,50000,20000,16004,6767,F,3720,3720,0,0
S,50000,20000,1457,16372,F,3772,3772,0,0
S,50000,20000,33937,981,F,3144,3144,0,0
S,50000,20000,15285,15722,F,3971,3971,0,0
S,50000,20000,15220,16900,F,3285,3285,0,0
S,50000,20000,16089,2646,F,3708,3708,0,0
S,50000,20000,9455,14439,F,3461,3461,0,0
S,50000,20000,14044,3233,F,2653,2653,0,0
S,50000,20000,8174,2847,F,3213,3213,0,0
S,50000,20000,27638,16157,F,3278,3278,0,0
S,50000,20000,1948,2862,F,3073,3073,0,0
S,50000,20000,48455,19089,F,3073,3073,0,0
S,50000,20000,31489,2793,F,3000,3000,0,0
S,50000,20000,27933,17008,F,3421,3421,0,0
S,50000,20000,25287,825,F,3293,3293,0,0
S,50000,20000,40803,12698,F,3363,3363,0,0
S,50000,20000,35951,10926,F,3581,3581,0,0
S,50000,20000,16444,18127,F,3755,3755,0,0
S,50000,20000,44226,65,T,3217,3604,128,5
S,50000,20000,29766,4284,T,221,3079,128,3
S,50000,20000,3706,2560,F,3292,3292,0,0
S,50000,20000,17924,12483,F,3140,3140,0,0
S,50000,20000,24251,8967,F,3566,3566,0,0
S,50000,20000,39371,2384,F,3707,3707,0,0
S,50000,20000,22820,12656,T,232,3613,79,3
S,50000,20000,1926,19379,F,3348,3348,0,0
S,50000,20000,445,15200,T,2180,3872,154,4
S,50000,20000,9934,13615,F,3468,3468,0,0
S,50000,20000,8586,5672,T,2162,2192,143,4
S,50000,20000,40621,11877,T,2969,3722,98,4
S,50000,20000,16484,5731,F,3970,3970,0,0
S,50000,20000,34659,14309,F,3491,3491,0,0
S,50000,20000,41815,5048,F,3366,3366,0,0
S,50000,20000,15877,2491,F,3538,3538,0,0
S,50000,20000,41346,6046,F,3960,3960,0,0
S,50000,20000,1914,9368,F,3823,3823,0,0
S,50000,20000,26426,11463,F,3840,3840,0,0
S,50000,20000,46216,7025,F,3073,3073,0,0
S,50000,20000,11846,3458,F,3495,3495,0,0
S,50000,20000,46903,16471,F,3956,3956,0,0
S,50000,20000,33666,4906,T,96,1218,99,3
S,50000,20000,31601,16913,T,460,3363,40,3
S,50000,20000,46429,2729,F,3151,3151,0,0
S,50000,20000,33706,2940,T,776,3296,102,4
S,50000,20000,14554,7615,F,3327,3327,0,0
S,50000,20000,48360,14732,T,1465,3059,116,4
S,50000,20000,48708,12074,F,3294,3294,0,0
S,50000,20000,43280,14989,T,519,3701,86,3
S,50000,20000,47391,4173,F,3295,3295,0,0
S,50000,20000,49969,8041,F,3421,3421,0,0
S,50000,20000,45707,6510,T,1146,2501,151,5
S,50000,20000,16278,2115,F,3119,3119,0,0
S,50000,20000,40712,11771,F,3433,3433,0,0
S,50000,20000,15060,1514,F,3723,3723,0,0
S,50000,20000,32769,16428,F,3693,3693,0,0
S,50000,20000,19072,2553,T,2316,2358,157,4
S,50000,20000,47832,15457,T,2493,3662,119,4
S,50000,20000,14739,15081,F,3558,3558,0,0
S,50000,20000,23023,5566,T,3548,3935,208,6
S,50000,20000,31345,15501,F,3726,3726,0,0
S,50000,20000,3322,16881,F,3618,3618,0,0
S,50000,20000,46576,339,F,3587,3587,0,0
S,50000,20000,21637,9467,F,3656,3656,0,0
S,50000,20000,25166,8447,F,3198,3198,0,0
S,50000,20000,30871,1419,T,3822,3866,96,4
S,50000,20000,33217,8692,F,3077,3077,0,0
S,50000,20000,26715,374,F,3335,3335,0,0
S,50000,20000,25965,4896,T,2426,3906,249,6
S,50000,20000,1640,3801,T,3413,4007,167,5
S,50000,20000,11389,19708,F,3073,3073,0,0
S,50000,20000,6692,7098,T,714,3686,134,4
S,50000,20000,35331,19104,F,3703,3703,0,0
S,50000,20000,49697,10841,F,3161,3161,0,0
S,50000,20000,1719,2924,T,2326,4146,101,4
S,50000,20000,46881,8441,T,2129,3362,134,5
S,50000,20000,27226,7805,F,3731,3731,0,0
S,50000,20000,39859,9334,F,4197,4197,0,0
S,50000,20000,7227,9185,F,4391,4391,0,0
S,50000,20000,33934,7836,T,1828,3660,148,4
S,50000,20000,11708,7226,F,3643,3643,0,0
S,50000,20000,35454,1911,T,100,4225,98,3
S,50000,20000,45858,2598,T,531,588,165,4
S,50000,20000,34125,18402,F,3790,3790,0,0
S,50000,20000,17489,14398,T,1444,3573,138,4
S,50000,20000,13264,3029,F,3902,3902,0,0
S,50000,20000,7769,15265,F,3850,3850,0,0
S,50000,20000,17183,24,F,4257,4257,0,0
S,50000,20000,47195,562,F,3947,3947,0,0
S,50000,20000,16303,4822,F,4305,4305,0,0
S,50000,20000,23892,18229,T,2771,4074,150,4
S,50000,20000,23027,2073,F,4058,4058,0,0
S,50000,20000,7704,3791,T,834,3848,108,3
S,50000,20000,28120,3501,F,3373,3373,0,0
S,50000,20000,37562,7205,T,1913,4322,91,5
S,50000,20000,35156,19228,F,3811,3811,0,0
S,50000,20000,11345,10423,F,3393,3393,0,0
S,50000,20000,25138,14374,F,3819,3819,0,0
S,50000,20000,6668,5903,F,4375,4375,0,0
S,50000,20000,34728,1211,F,4059,4059,0,0
S,50000,20000,47272,18656,F,4064,4064,0,0
S,50000,20000,7447,12404,F,3946,3946,0,0
S,50000,20000,18444,14553,F,4125,4125,0,0
S,50000,20000,44496,17006,T,969,3952,114,4
S,50000,20000,48940,16198,T,3029,3683,105,4
S,50000,20000,30197,7734,T,732,3812,92,3
S,50000,20000,45071,18083,F,3777,3777,0,0
S,50000,20000,4576,12044,F,3574,3574,0,0
S,50000,20000,29268,12729,T,2640,3554,110,4
S,50000,20000,23373,1922,T,859,3307,124,3
S,50000,20000,24547,11867,F,3710,3710,0,0
S,50000,20000,3128,650,F,4013,4013,0,0
S,50000,20000,45922,15590,F,4288,4288,0,0
S,50000,20000,1389,19425,F,3777,3777,0,0
S,50000,20000,22502,8638,F,4218,4218,0,0
S,50000,20000,36238,13000,F,4060,4060,0,0
S,50000,20000,8873,15849,F,4246,4246,0,0
S,50000,20000,41822,6936,T,1766,4390,113,5
S,50000,20000,49973,841,F,3396,3396,0,0
S,50000,20000,21941,12007,F,4047,4047,0,0
S,50000,20000,17690,4173,F,4353,4353,0,0
S,50000,20000,7497,6999,T,1520,4198,117,4
S,50000,20000,19961,8409,F,3636,3636,0,0
S,50000,20000,36567,5681,T,247,281,89,3
S,50000,20000,20296,1404,F,4349,4349,0,0
S,50000,20000,10847,17417,T,3174,4410,151,5
S,50000,20000,44411,18535,F,3889,3889,0,0
S,50000,20000,8912,4394,F,4216,4216,0,0
S,50000,20000,33119,9340,T,3241,4252,113,4
S,50000,20000,32415,4059,F,3537,3537,0,0
S,50000,20000,3052,11408,F,4374,4374,0,0
S,50000,20000,39202,3433,F,4460,4460,0,0
S,50000,20000,10289,19821,F,4394,4394,0,0
S,50000,20000,9051,15784,F,4466,4466,0,0
S,50000,20000,39254,14907,F,4423,4423,0,0
S,50000,20000,46068,2160,T,1766,4285,82,4
S,50000,20000,19697,8842,T,1935,3884,109,4
S,50000,20000,30932,18308,F,3486,3486,0,0
S,50000,20000,30112,2928,F,1,1,0,0
S,50000,20000,38369,9668,T,1356,3756,123,4
S,50000,20000,3532,127,T,228,3801,87,3
S,50000,20000,25049,14268,T,1512,3865,147,4
S,50000,20000,9831,19740,F,3339,3339,0,0
S,50000,20000,20746,17460,F,4384,4384,0,0
S,50000,20000,30626,9572,T,740,2407,162,4
S,50000,20000,36217,15462,F,3772,3772,0,0
S,50000,20000,23497,7936,F,4221,4221,0,0
S,50000,20000,30274,19357,F,4058,4058,0,0
S,50000,20000,19582,9019,F,3957,3957,0,0
S,50000,20000,45486,13067,F,1176,1176,0,0
S,50000,20000,6671,11831,T,707,3881,120,4
S,50000,20000,16301,11659,F,3271,3271,0,0
S,50000,20000,28566,18081,F,4510,4510,0,0
S,50000,20000,11613,10814,T,930,4222,90,4
S,50000,20000,10980,7300,T,1174,3262,132,4
S,50000,20000,46063,13382,F,3228,3228,0,0
S,50000,20000,42969,16093,T,804,4237,103,4
S,50000,20000,43519,14429,T,2268,3847,128,4
S,50000,20000,46508,2232,T,3046,3835,153,5
S,50000,20000,12067,15629,T,2984,3550,142,4
S,50000,20000,23151,13539,F,3808,3808,0,0
S,50000,20000,3277,541,F,4446,4446,0,0
S,50000,20000,19334,14449,F,3764,3764,0,0
S,50000,20000,33953,12078,F,3891,3891,0,0
S,50000,20000,43275,1638,T,622,3770,90,3
S,50000,20000,32408,10783,T,392,3400,95,3
S,50000,20000,7812,3241,F,3871,3871,0,0
S,50000,20000,43241,12466,F,4294,4294,0,0
S,50000,20000,4517,14600,T,2416,4483,134,4
S,50000,20000,15494,9866,F,3888,3888,0,0
S,50000,20000,8430,7632,T,3291,4149,152,6
S,50000,20000,20636,16639,T,121,3494,109,3
S,50000,20000,44466,3610,T,2296,3668,140,6
S,50000,20000,7481,6848,F,4082,4082,0,0
S,50000,20000,36277,12663,F,4482,4482,0,0
S,50000,20000,38830,18072,F,4271,4271,0,0
S,50000,20000,14732,16375,F,4430,4430,0,0
S,50000,20000,17495,10700,F,4468,4468,0,0
S,50000,20000,5821,9963,F,4117,4117,0,0
S,50000,20000,35187,10675,F,4486,4486,0,0
S,50000,20000,47787,7279,F,4270,4270,0,0
S,50000,20000,24228,361,F,4195,4195,0,0
S,50000,20000,46125,14475,F,3735,3735,0,0
S,50000,20000,15038,4521,F,4056,4056,0,0
S,50000,20000,38768,7682,F,3915,3915,0,0
S,50000,20000,24653,11186,T,4035,4142,196,7
S,50000,20000,19063,114,F,4269,4269,0,0
S,50000,20000,1776,16085,T,1638,4504,109,4
S,50000,20000,40113,6446,F,4154,4154,0,0
S,50000,20000,10297,5729,F,4216,4216,0,0
S,50000,20000,25104,13196,F,4219,4219,0,0
S,50000,20000,4312,18725,F,4332,4332,0,0
S,50000,20000,42777,15313,T,2677,3291,93,4
S,50000,20000,10665,3147,F,4136,4136,0,0
S,50000,20000,40842,5080,T,1569,4103,134,5
S,50000,20000,12010,9456,F,4291,4291,0,0
S,50000,20000,24328,14249,F,3817,3817,0,0
S,50000,20000,16375,15385,T,558,4332,98,3
S,50000,20000,4181,14146,T,1020,3359,151,4
S,50000,20000,36437,3474,T,30,3024,28,2
S,50000,20000,19096,1979,F,3839,3839,0,0
S,50000,20000,38342,3653,F,4522,4522,0,0
S,50000,20000,41537,2866,F,4078,4078,0,0
S,50000,20000,28639,6366,F,4035,4035,0,0
S,50000,20000,49219,338,F,4361,4361,0,0
S,50000,20000,33163,1484,F,4427,4427,0,0
S,50000,20000,39633,1604,F,4028,4028,0,0
S,50000,20000,35003,15885,T,2284,4519,73,4
S,50000,20000,34427,391,F,3855,3855,0,0
S,50000,20000,5216,18665,F,4352,4352,0,0
S,50000,20000,2477,6294,F,3235,3235,0,0
S,50000,20000,33253,16673,F,3759,3759,0,0
S,50000,20000,3716,11981,F,3993,3993,0,0
S,50000,20000,33016,5462,F,3775,3775,0,0
S,50000,20000,45521,4296,F,4278,4278,0,0
S,50000,20000,48626,19684,T,293,4315,64,3
S,50000,20000,4723,3184,T,1609,3809,72,4
S,50000,20000,43874,1084,F,3743,3743,0,0
S,50000,20000,38086,17692,T,1944,3356,97,4
S,50000,20000,4328,13671,F,3005,3005,0,0
S,50000,20000,30449,4277,F,4179,4179,0,0
S,50000,20000,6055,15831,T,421,2961,82,3
S,50000,20000,23125,16829,F,3725,3725,0,0
S,50000,20000,24890,19768,F,3946,3946,0,0
S,50000,20000,10741,15045,T,468,4474,138,3
S,50000,20000,41323,13920,F,3850,3850,0,0
S,50000,20000,6311,12927,F,4268,4268,0,0
S,50000,20000,49609,11203,T,2390,4083,141,4
S,50000,20000,21498,13109,F,3784,3784,0,0
S,50000,20000,49289,6088,T,2467,4389,131,4
S,50000,20000,15437,17185,F,3441,3441,0,0
S,50000,20000,863,2412,T,2667,3667,141,5
S,50000,20000,38312,4186,T,1813,4213,125,5
S,50000,20000,14627,7940,T,887,3751,153,4
S,50000,20000,29673,7953,F,4406,4406,0,0
S,50000,20000,38958,7994,T,522,4331,129,4
S,50000,20000,46595,6164,F,3845,3845,0,0
S,50000,20000,44791,11834,F,4127,4127,0,0
S,50000,20000,9514,17312,T,2926,3843,205,5
S,50000,20000,16171,6256,T,696,3679,137,5
S,50000,20000,17608,12896,F,4003,4003,0,0
S,50000,20000,30551,10812,F,4319,4319,0,0
S,50000,20000,16816,8182,F,4130,4130,0,0
S,50000,20000,43173,19665,F,4465,4465,0,0
S,50000,20000,16130,1060,T,3731,4381,134,5
S,50000,20000,41955,1451,T,340,4469,59,3
S,50000,20000,40142,2286,T,2912,3877,161,6
S,50000,20000,28291,19322,F,3693,3693,0,0
S,50000,20000,40443,6396,F,4314,4314,0,0
S,50000,20000,6159,2905,F,3666,3666,0,0
S,50000,20000,18308,13541,T,1649,4212,107,4
S,50000,20000,18794,1229,T,3356,3900,163,6
S,50000,20000,29605,11354,F,3782,3782,0,0
S,50000,20000,10886,6491,F,3774,3774,0,0
S,50000,20000,30820,16487,F,4481,4481,0,0
S,50000,20000,25698,3034,F,3958,3958,0,0
S,50000,20000,20874,4461,F,4451,4451,0,0
S,50000,20000,29858,8898,T,4150,4407,136,6
S,50000,20000,31005,10157,T,290,3672,78,3
S,50000,20000,6929,7654,T,1606,3800,127,4
S,50000,20000,38869,17362,F,3709,3709,0,0
S,50000,20000,43006,18373,F,4332,4332,0,0
S,50000,20000,20006,4504,F,4166,4166,0,0
S,50000,20000,2272,1810,F,4071,4071,0,0
S,50000,20000,9707,10909,F,3772,3772,0,0
S,50000,20000,23531,6147,T,1448,4447,97,4
S,50000,20000,12369,7991,F,3212,3212,0,0
S,50000,20000,15017,8022,T,1443,4454,131,4
S,50000,20000,26974,15078,T,505,3879,85,3
S,50000,20000,21153,65,T,2946,3132,157,5
S,50000,20000,20862,15550,T,1208,4196,164,6
S,50000,20000,9930,197,F,3176,3176,0,0
S,50000,20000,48467,15562,T,4116,4299,122,4
S,50000,20000,45608,8072,T,2127,3807,99,5
S,50000,20000,19150,19921,F,4204,4204,0,0
S,50000,20000,30902,18797,T,3135,4388,155,5
S,50000,20000,17540,16087,T,3301,3907,114,4
S,50000,20000,46526,16032,F,4490,4490,0,0
S,50000,20000,37866,10948,T,75,2632,64,2
S,50000,20000,45654,17354,F,3793,3793,0,0
S,50000,20000,39540,18770,F,4421,4421,0,0
S,50000,20000,49893,13799,F,4487,4487,0,0
S,50000,20000,47339,2429,T,1486,4370,96,4
S,50000,20000,45074,14910,F,3860,3860,0,0
S,50000,20000,1693,9611,F,3573,3573,0,0
S,50000,20000,17085,11168,T,3136,3686,117,5
S,50000,20000,13530,14930,F,3700,3700,0,0
S,50000,20000,31373,4498,F,4139,4139,0,0
S,50000,20000,25282,3154,F,3863,3863,0,0
S,50000,20000,29320,9928,T,1154,4406,142,4
S,50000,20000,1426,6453,F,3459,3459,0,0
S,50000,20000,14290,14097,F,3710,3710,0,0
S,50000,20000,13268,19269,F,3521,3521,0,0
S,50000,20000,16389,8108,T,63,3895,43,2
S,50000,20000,12287,5176,T,2719,3850,133,4
S,50000,20000,16324,12289,F,3631,3631,0,0
S,50000,20000,34074,14343,T,1981,4059,125,4
S,50000,20000,48014,6067,F,3327,3327,0,0
S,50000,20000,48857,3329,F,4509,4509,0,0
S,50000,20000,6977,14611,F,3581,3581,0,0
S,50000,20000,20709,8196,F,4432,4432,0,0
S,50000,20000,21893,8069,T,3725,4195,171,5
S,50000,20000,24652,9381,F,3902,3902,0,0
S,50000,20000,38969,17160,T,3311,4510,134,4
S,50000,20000,48331,5526,F,3600,3600,0,0
S,50000,20000,20184,9679,T,1490,4443,99,4
S,50000,20000,45037,1835,F,4447,4447,0,0
S,50000,20000,34940,363,F,3685,3685,0,0
S,50000,20000,34373,5318,F,4431,4431,0,0
S,50000,20000,1964,15720,F,3688,3688,0,0
S,50000,20000,7675,5836,F,4376,4376,0,0
S,50000,20000,36197,5815,F,4182,4182,0,0
S,50000,20000,40267,9503,T,68,4361,114,3
S,50000,20000,2770,13079,F,3871,3871,0,0
S,50000,20000,29614,11251,T,2236,4377,177,4
S,50000,20000,30292,4601,T,1177,3603,125,4
S,50000,20000,9711,14980,T,3180,3880,117,4
S,50000,20000,24807,17333,F,3708,3708,0,0
S,50000,20000,40579,9034,F,4432,4432,0,0
S,50000,20000,24992,1346,F,4349,4349,0,0
S,50000,20000,39260,1063,T,1432,4166,112,4
S,50000,20000,21303,11369,F,3935,3935,0,0
S,50000,20000,25104,18472,T,802,4386,94,3
S,50000,20000,18934,6311,F,3632,3632,0,0
S,50000,20000,28350,17870,T,3129,4485,132,4
S,50000,20000,37270,8309,T,3078,3850,153,5
S,50000,20000,14191,16025,T,1089,4425,101,4
S,50000,20000,44128,3582,F,3896,3896,0,0
S,50000,20000,37642,18959,F,4223,4223,0,0
S,50000,20000,34562,15407,F,3362,3362,0,0
S,50000,20000,14686,2594,F,4448,4448,0,0
S,50000,20000,20194,8493,T,2218,3513,106,4
S,50000,20000,4890,13608,F,3828,3828,0,0
S,50000,20000,6046,15517,T,1473,3896,195,5
S,50000,20000,6993,10635,F,3594,3594,0,0
S,50000,20000,44320,354,F,3871,3871,0,0
S,50000,20000,12634,15523,T,694,4247,95,3
S,50000,20000,2702,13044,T,2002,3463,97,4
S,50000,20000,1587,9168,F,3972,3972,0,0
S,50000,20000,47640,18219,F,4415,4415,0,0
S,50000,20000,20470,8651,T,177,4456,92,3
S,50000,20000,46638,3395,T,2115,3616,129,4
S,50000,20000,41753,12165,F,3650,3650,0,0
S,50000,20000,28186,14565,F,4501,4501,0,0
S,50000,20000,11000,18864,F,4236,4236,0,0
S,50000,20000,11868,4226,T,2887,4412,128,4
S,50000,20000,5460,9589,F,3899,3899,0,0
S,50000,20000,28376,14481,T,56,496,74,2
S,50000,20000,27941,14071,T,1582,4198,88,4
S,50000,20000,29996,2123,F,3756,3756,0,0
S,50000,20000,518,19379,F,4337,4337,0,0
S,50000,20000,25255,6300,F,4215,4215,0,0
S,50000,20000,42527,251,F,4318,4318,0,0
S,50000,20000,1524,3055,F,4171,4171,0,0
S,50000,20000,20026,8531,T,337,2238,87,3
S,50000,20000,6822,13655,F,4263,4263,0,0
S,50000,20000,19168,4805,F,4316,4316,0,0
S,50000,20000,19390,4426,T,2698,4238,102,5
S,50000,20000,33839,19336,F,3822,3822,0,0
S,50000,20000,24375,10171,T,1767,4166,127,4
S,50000,20000,24727,5354,F,3721,3721,0,0
S,50000,20000,29960,6402,T,2532,4367,135,4
S,50000,20000,6562,11273,F,3548,3548,0,0
S,50000,20000,6996,6033,F,4444,4444,0,0
S,50000,20000,19180,2142,T,954,4262,91,3
S,50000,20000,39866,852,F,3545,3545,0,0
S,50000,20000,24441,1651,F,4431,4431,0,0
S,50000,20000,46781,3077,F,4114,4114,0,0
S,50000,20000,16919,15474,T,2939,4359,125,4
S,50000,20000,40786,19372,F,4441,4441,0,0
S,50000,20000,37150,17595,F,3882,3882,0,0
S,50000,20000,4122,6502,F,4064,4064,0,0
S,50000,20000,32010,5890,F,3948,3948,0,0
S,50000,20000,35929,4063,F,3789,3789,0,0
S,50000,20000,31356,10658,F,4155,4155,0,0
S,50000,20000,33610,5854,F,3360,3360,0,0
S,50000,20000,19977,4525,F,4436,4436,0,0
S,50000,20000,2109,6006,F,4360,4360,0,0
S,50000,20000,25996,13738,F,4333,4333,0,0
S,50000,20000,13032,13463,F,4345,4345,0,0
S,50000,20000,11464,2353,F,3714,3714,0,0
S,50000,20000,22984,410,F,3321,3321,0,0
S,50000,20000,5746,10585,F,4426,4426,0,0
S,50000,20000,45600,14467,T,2911,4382,181,6
S,50000,20000,14645,3932,T,663,4028,95,3
S,50000,20000,32851,17535,F,3644,3644,0,0
S,50000,20000,7439,16952,T,997,3678,126,4
S,50000,20000,47330,14356,T,1044,3942,168,4
S,50000,20000,4920,2695,F,3854,3854,0,0
S,50000,20000,1565,8756,F,4092,4092,0,0
S,50000,20000,20900,6507,F,4384,4384,0,0
S,50000,20000,45175,19871,F,4192,4192,0,0
S,50000,20000,12287,3214,F,3983,3983,0,0
S,50000,20000,45984,19060,T,3199,4469,87,4
S,50000,20000,41125,17445,F,4262,4262,0,0
S,50000,20000,49208,14401,T,1435,4313,149,5
S,50000,20000,43799,1307,F,3827,3827,0,0
S,50000,20000,3417,10473,T,1087,4333,154,4
S,50000,20000,28164,4092,T,1382,3884,85,4
S,50000,20000,37274,19229,F,4317,4317,0,0
S,50000,20000,3699,15058,T,3588,3971,124,4
S,50000,20000,46718,3237,T,468,3826,131,3
S,50000,20000,3673,2818,F,3733,3733,0,0
S,50000,20000,8977,8559,F,4422,4422,0,0
S,50000,20000,15345,13022,F,4453,4453,0,0
S,50000,20000,42213,14219,T,2169,4146,107,4
S,50000,20000,22943,10098,F,3954,3954,0,0
S,50000,20000,32958,14970,F,3788,3788,0,0
S,50000,20000,44370,13765,T,386,4031,124,3
S,50000,20000,22458,1242,F,4017,4017,0,0
S,50000,20000,43704,1980,T,923,4210,111,3
S,50000,20000,28716,7675,T,757,3537,114,4
S,50000,20000,3525,19616,T,1532,3680,105,4
S,50000,20000,10216,9364,F,3548,3548,0,0
S,50000,20000,30232,10101,F,3515,3515,0,0
S,50000,20000,26288,4125,T,1741,4300,133,4
S,50000,20000,4414,10217,T,2750,3475,124,4
S,50000,20000,26371,2482,T,2818,3746,177,5
S,50000,20000,8505,18297,F,3880,3880,0,0
S,50000,20000,43146,11440,F,4051,4051,0,0
S,50000,20000,9611,7106,F,4515,4515,0,0
S,50000,20000,25305,3558,T,1873,4329,110,4
S,50000,20000,44201,13579,F,3756,3756,0,0
S,50000,20000,2739,2007,F,4226,4226,0,0
S,50000,20000,32155,8723,T,3016,3900,126,4
S,50000,20000,19114,11043,T,2849,3922,168,5
S,50000,20000,20423,9536,T,1206,1999,118,4
S,50000,20000,9909,9664,F,3325,3325,0,0
S,50000,20000,49544,19393,F,3852,3852,0,0
S,50000,20000,36890,14766,F,4308,4308,0,0
S,50000,20000,26116,4777,F,3374,3374,0,0
S,50000,20000,44333,18532,T,1892,3928,172,6
S,50000,20000,264,13396,T,661,3850,92,3
S,50000,20000,45535,2233,F,3891,3891,0,0
S,50000,20000,6238,5943,F,4358,4358,0,0
S,50000,20000,40492,18456,F,4155,4155,0,0
S,50000,20000,37489,18220,F,4183,4183,0,0
S,50000,20000,47020,1737,F,983,983,0,0
S,50000,20000,37234,9029,T,2764,4194,121,4
S,50000,20000,11076,14246,T,2050,3746,68,4
S,50000,20000,24616,5917,T,1261,3826,167,4
S,50000,20000,31503,15631,F,3352,3352,0,0
S,50000,20000,15740,6952,F,3952,3952,0,0
S,50000,20000,20873,19078,F,3784,3784,0,0
S,50000,20000,19562,18597,T,1648,3920,116,4
S,50000,20000,20469,4720,F,3993,3993,0,0
S,50000,20000,6101,16076,F,3713,3713,0,0
S,50000,20000,17857,1597,T,1507,1972,136,5
S,50000,20000,47875,17213,T,1887,3400,189,5
S,50000,20000,6681,8958,T,1727,3439,107,4
S,50000,20000,4802,14925,F,4305,4305,0,0
S,50000,20000,46287,16980,T,887,4069,105,4
S,50000,20000,10904,6701,F,4087,4087,0,0
S,50000,20000,45855,4593,F,3982,3982,0,0
S,50000,20000,41390,1772,F,3732,3732,0,0
S,50000,20000,38617,1102,F,4104,4104,0,0
S,50000,20000,21350,4410,F,4014,4014,0,0
S,50000,20000,31807,10206,F,3592,3592,0,0
S,50000,20000,43222,16984,F,3493,3493,0,0
S,50000,20000,23845,16705,F,3846,3846,0,0
S,50000,20000,47316,15426,F,3698,3698,0,0
S,50000,20000,23166,18471,T,3696,3977,177,5
S,50000,20000,17562,1117,T,1401,4126,132,4
S,50000,20000,12862,6865,F,3763,3763,0,0
S,50000,20000,29282,17879,T,2795,4250,129,5
S,50000,20000,33800,12182,F,3250,3250,0,0
S,50000,20000,6906,6038,F,3825,3825,0,0
S,50000,20000,35208,12599,F,4245,4245,0,0
S,50000,20000,43051,5155,F,4437,4437,0,0
S,50000,20000,15419,10901,F,3797,3797,0,0
S,50000,20000,11826,1003,F,4218,4218,0,0
S,50000,20000,19277,4325,F,4396,4396,0,0
S,50000,20000,39845,4298,F,4358,4358,0,0
S,50000,20000,4520,18348,T,415,4182,91,3
S,50000,20000,47208,11150,T,140,3540,34,2
S,50000,20000,11446,5246,T,4186,4412,253,7
S,50000,20000,20449,2601,F,3276,3276,0,0
S,50000,20000,36312,11951,T,359,4509,103,3
S,50000,20000,9840,3382,F,3919,3919,0,0
S,50000,20000,7496,8941,T,1140,3970,94,4
S,50000,20000,5924,19813,F,4300,4300,0,0
S,50000,20000,3474,10355,T,4219,4300,67,4
S,50000,20000,42814,6822,F,4374,4374,0,0
S,50000,20000,1054,7336,T,58,4378,53,2
S,50000,20000,24943,8305,F,3485,3485,0,0
S,50000,20000,19666,2071,F,4456,4456,0,0
S,50000,20000,17451,10673,F,4036,4036,0,0
S,50000,20000,16507,6352,T,404,1651,99,3
S,50000,20000,32915,4906,T,1631,3848,164,5
S,50000,20000,30145,2078,F,3742,3742,0,0
S,50000,20000,26671,9514,F,3319,3319,0,0
S,50000,20000,11030,2491,F,4500,4500,0,0
S,50000,20000,36370,11177,T,2961,4258,101,6
S,50000,20000,28534,6178,T,319,461,98,4
S,50000,20000,5640,16401,T,3637,3771,136,5
S,50000,20000,13745,10666,T,1655,3836,116,4
S,50000,20000,49914,7550,F,3488,3488,0,0
S,50000,20000,32732,19350,F,3911,3911,0,0
S,50000,20000,40464,15933,T,4028,4179,140,4
S,50000,20000,13035,8967,F,4321,4321,0,0
S,50000,20000,1701,17269,F,4409,4409,0,0
S,50000,20000,35861,15299,T,1867,4182,140,4
S,50000,20000,1925,17180,F,3917,3917,0,0
S,50000,20000,22165,10188,F,3879,3879,0,0
S,50000,20000,515,11558,T,3097,3824,188,7
S,50000,20000,43559,12013,T,12,105,79,2
S,50000,20000,47535,17267,F,3724,3724,0,0
S,50000,20000,9041,15900,F,4146,4146,0,0
S,50000,20000,1161,18601,F,3688,3688,0,0
S,50000,20000,14853,2847,F,4353,4353,0,0
S,50000,20000,21067,2002,T,787,4237,123,4
S,50000,20000,17500,2264,F,3362,3362,0,0
S,50000,20000,9664,7805,F,4082,4082,0,0
S,50000,20000,27140,18250,F,4014,4014,0,0
S,50000,20000,12686,796,F,3877,3877,0,0
S,50000,20000,38614,1947,T,3389,4107,151,5
S,50000,20000,22288,220,F,3280,3280,0,0
S,50000,20000,20335,3644,T,2500,3551,91,4
S,50000,20000,46188,15665,F,3052,3052,0,0
S,50000,20000,38082,16540,F,4258,4258,0,0
S,50000,20000,22887,11331,T,420,3949,61,3
S,50000,20000,13659,12588,F,3951,3951,0,0
S,50000,20000,39638,11597,F,4059,4059,0,0
S,50000,20000,1112,6252,F,4054,4054,0,0
S,50000,20000,47951,68,F,4333,4333,0,0
S,50000,20000,6613,12975,T,2324,4174,185,5
S,50000,20000,22849,14749,F,3094,3094,0,0
S,50000,20000,22338,2984,F,4221,4221,0,0
S,50000,20000,1733,7235,F,4130,4130,0,0
S,50000,20000,32296,6164,F,3801,3801,0,0
S,50000,20000,48744,15829,T,2289,4094,126,5
S,50000,20000,34033,1847,F,3490,3490,0,0
S,50000,20000,7608,9289,F,3736,3736,0,0
S,50000,20000,10864,789,F,3492,3492,0,0
S,50000,20000,27045,18666,F,3554,3554,0,0
S,50000,20000,29836,15389,T,3449,4111,151,5
S,50000,20000,25510,16301,F,3612,3612,0,0
S,50000,20000,41111,13131,T,70,3790,38,2
S,50000,20000,14395,9688,F,3786,3786,0,0
S,50000,20000,43396,7329,F,4113,4113,0,0
S,50000,20000,22069,8924,F,3578,3578,0,0
S,50000,20000,15745,3603,F,3505,3505,0,0
S,50000,20000,49210,17921,F,3994,3994,0,0
S,50000,20000,24223,7355,F,4313,4313,0,0
S,50000,20000,17558,6418,F,4369,4369,0,0
S,50000,20000,27512,8150,T,184,4139,110,3
S,50000,20000,19106,15723,T,1022,3685,120,4
S,50000,20000,48129,275,F,3581,3581,0,0
S,50000,20000,39747,16350,F,3267,3267,0,0
S,50000,20000,31554,14104,T,921,3574,99,3
S,50000,20000,46909,2156,T,3250,3935,135,4
S,50000,20000,28312,6227,F,3892,3892,0,0
S,50000,20000,14037,11511,T,1090,3976,118,4
S,50000,20000,10350,16322,F,3681,3681,0,0
S,50000,20000,47260,10437,F,3865,3865,0,0
S,50000,20000,20201,13698,F,4172,4172,0,0
S,50000,20000,19157,19701,F,4247,4247,0,0
S,50000,20000,4106,15357,T,3460,3863,160,6
S,50000,20000,25102,3995,T,2740,3897,135,4
S,50000,20000,27392,19177,T,3120,3982,249,7
S,50000,20000,41284,13876,T,3762,3926,80,4
S,50000,20000,20752,3252,F,3950,3950,0,0
S,50000,20000,1242,17417,F,4481,4481,0,0
S,50000,20000,44018,11393,F,4075,4075,0,0
S,50000,20000,6188,19423,F,4200,4200,0,0
S,50000,20000,31056,17951,F,4473,4473,0,0
S,50000,20000,4016,817,F,3917,3917,0,0
S,50000,20000,23913,18748,F,3384,3384,0,0
S,50000,20000,17313,13306,T,2616,3860,153,5
S,50000,20000,8640,10556,T,245,3741,66,3
S,50000,20000,12948,8747,F,4388,4388,0,0
S,50000,20000,28738,16596,T,340,2809,113,3
S,50000,20000,10587,11682,F,4470,4470,0,0
S,50000,20000,23030,18203,T,3620,3952,87,4
S,50000,20000,30832,19032,F,3748,3748,0,0
S,50000,20000,5928,919,F,3550,3550,0,0
S,50000,20000,16331,7916,F,4225,4225,0,0
S,50000,20000,49179,8417,F,4310,4310,0,0
S,50000,20000,8651,4105,F,3816,3816,0,0
S,50000,20000,49198,12208,T,2923,4420,133,4
S,50000,20000,16942,10287,T,905,3893,95,4
S,50000,20000,14148,16207,F,3469,3469,0,0
S,50000,20000,18939,17586,F,3858,3858,0,0
S,50000,20000,8059,7451,F,3697,3697,0,0
S,50000,20000,19097,2389,F,4171,4171,0,0
S,50000,20000,37579,18392,F,3875,3875,0,0
S,50000,20000,49033,8825,T,2726,3525,118,5
S,50000,20000,22313,250,F,3943,3943,0,0
S,50000,20000,45112,14720,F,4178,4178,0,0
S,50000,20000,18095,19685,T,3161,4354,107,5
S,50000,20000,9364,19388,F,3684,3684,0,0
S,50000,20000,36611,5040,F,4339,4339,0,0
S,50000,20000,3022,7219,T,2628,3655,153,4
S,50000,20000,5755,6028,T,755,3233,88,3
S,50000,20000,38013,7320,F,3966,3966,0,0
S,50000,20000,33725,15617,F,3899,3899,0,0
S,50000,20000,5782,12222,T,2947,3916,141,6
S,50000,20000,1315,4888,F,3984,3984,0,0
S,50000,20000,16440,18632,F,4317,4317,0,0
S,50000,20000,47186,7605,T,1857,4369,140,4
S,50000,20000,762,12774,T,568,4352,113,3
S,50000,20000,45576,4393,F,3698,3698,0,0
S,50000,20000,28622,8521,F,4463,4463,0,0
S,50000,20000,40575,17426,F,3717,3717,0,0
S,50000,20000,43710,1870,F,3978,3978,0,0
S,50000,20000,9378,17115,F,4440,4440,0,0
S,50000,20000,40966,15668,F,4164,4164,0,0
S,50000,20000,31649,3086,F,4179,4179,0,0
S,50000,20000,45379,16661,F,4387,4387,0,0
S,50000,20000,17895,18957,F,3871,3871,0,0
S,50000,20000,10078,1490,F,4390,4390,0,0
S,50000,20000,16240,23,F,4441,4441,0,0
S,50000,20000,3197,936,F,4309,4309,0,0
S,50000,20000,32503,15542,F,3798,3798,0,0
S,50000,20000,42488,9180,F,4406,4406,0,0
S,50000,20000,4604,9887,F,3809,3809,0,0
S,50000,20000,13106,6311,F,4474,4474,0,0
S,50000,20000,14176,1184,F,4412,4412,0,0
S,50000,20000,30550,19543,T,1497,3830,69,4
S,50000,20000,48161,1457,T,69,4311,54,2
S,50000,20000,26358,6945,T,1213,3745,151,5
S,50000,20000,28085,8268,T,1332,1402,113,4
S,50000,20000,3930,15780,F,3838,3838,0,0
S,50000,20000,22934,13215,F,4395,4395,0,0
S,50000,20000,13685,4596,T,2380,3719,132,5
S,50000,20000,22427,13508,T,742,3749,70,3
S,50000,20000,8830,5486,F,3720,3720,0,0
S,50000,20000,8495,16304,F,3948,3948,0,0
S,50000,20000,24317,10125,F,4338,4338,0,0
S,50000,20000,35991,5427,F,3893,3893,0,0
S,50000,20000,18325,19193,T,3357,3630,130,4
S,50000,20000,14928,12362,T,476,4054,118,4
S,50000,20000,26296,4216,F,3441,3441,0,0
S,50000,20000,38502,3637,F,4447,4447,0,0
S,50000,20000,36913,12004,T,3247,3465,155,5
S,50000,20000,11265,19812,T,3105,3957,125,4
S,50000,20000,4554,5033,F,4375,4375,0,0
S,50000,20000,24633,14024,F,4250,4250,0,0
S,50000,20000,49343,14095,T,892,3071,101,4
S,50000,20000,17289,1480,F,4282,4282,0,0
S,50000,20000,18557,14981,F,2939,2939,0,0
S,50000,20000,17713,16974,T,3101,4466,97,4
S,50000,20000,37700,19237,T,1563,3841,136,4
S,50000,20000,28476,5881,F,3672,3672,0,0
S,50000,20000,34995,12765,T,826,3814,86,4
S,50000,20000,45324,5275,T,2516,2820,135,4
S,50000,20000,35058,2188,F,4351,4351,0,0
S,50000,20000,19004,15391,F,4383,4383,0,0
S,50000,20000,27455,9897,F,2938,2938,0,0
S,50000,20000,34192,6671,T,542,2757,98,3
S,50000,20000,30828,450,T,563,3243,142,4
S,50000,20000,35587,11156,F,2692,2692,0,0
S,50000,20000,48370,10651,F,3088,3088,0,0
S,50000,20000,42640,1309,F,2501,2501,0,0
S,50000,20000,37844,4279,F,3245,3245,0,0
S,50000,20000,47383,15987,T,696,3639,42,3
S,50000,20000,46,3192,F,3118,3118,0,0
S,50000,20000,40672,1045,T,2126,3345,86,4
S,50000,20000,31317,17530,F,2389,2389,0,0
S,50000,20000,42386,18875,F,4106,4106,0,0
S,50000,20000,49667,65,T,3743,3962,190,6
S,50000,20000,24345,15962,T,1410,3765,116,4
S,50000,20000,33180,7272,F,3125,3125,0,0
S,50000,20000,39898,15501,F,2998,2998,0,0
S,50000,20000,2846,9733,F,3507,3507,0,0
S,50000,20000,9800,940,T,1824,2865,137,4
S,50000,20000,21730,11552,T,5,471,24,1
S,50000,20000,44823,7272,T,441,3310,84,4
S,50000,20000,49957,8497,F,2903,2903,0,0
S,50000,20000,14695,14667,F,3194,3194,0,0
S,50000,20000,48470,2684,F,2957,2957,0,0
S,50000,20000,9967,6304,F,3594,3594,0,0
S,50000,20000,31381,9314,F,3297,3297,0,0
S,50000,20000,49856,13488,T,319,3517,131,3
S,50000,20000,9783,19969,T,1098,2264,149,5
S,50000,20000,8231,9038,F,3430,3430,0,0
S,50000,20000,28499,13914,F,3236,3236,0,0
S,50000,20000,31079,3702,T,1316,3045,104,4
S,50000,20000,30092,13720,F,2957,2957,0,0
S,50000,20000,44068,16360,F,3202,3202,0,0
S,50000,20000,42025,631,F,3617,3617,0,0
S,50000,20000,20350,3940,F,3540,3540,0,0
S,50000,20000,30833,7703,F,3402,3402,0,0
S,50000,20000,34547,19359,F,3569,3569,0,0
S,50000,20000,48510,17760,F,3480,3480,0,0
S,50000,20000,39998,858,T,1783,3178,173,5
S,50000,20000,16888,643,F,3073,3073,0,0
S,50000,20000,27633,18452,T,2245,3015,136,4
S,50000,20000,4220,9991,F,3806,3806,0,0
S,50000,20000,969,4965,F,3319,3319,0,0
S,50000,20000,30865,19992,F,3451,3451,0,0
S,50000,20000,625,6033,F,3416,3416,0,0
S,50000,20000,4164,7909,T,1177,2930,84,4
S,50000,20000,21969,13360,T,3150,3206,140,4
S,50000,20000,32798,4621,T,79,2470,79,3
S,50000,20000,15081,1147,F,2851,2851,0,0
S,50000,20000,3015,17909,F,2802,2802,0,0
S,50000,20000,22329,5269,F,3073,3073,0,0
S,50000,20000,6109,4386,F,3540,3540,0,0
S,50000,20000,41262,8414,F,2759,2759,0,0
S,50000,20000,36225,13658,F,3043,3043,0,0
S,50000,20000,43401,15330,T,2457,3310,143,4
S,50000,20000,34844,11679,F,2982,2982,0,0
S,50000,20000,39050,3367,F,3254,3254,0,0
S,50000,20000,19020,5091,F,3371,3371,0,0
S,50000,20000,24945,10800,F,3303,3303,0,0
S,50000,20000,14929,5803,F,3500,3500,0,0
S,50000,20000,46847,11541,T,2168,3690,197,5
S,50000,20000,20417,5886,F,2859,2859,0,0
S,50000,20000,36862,19976,F,3315,3315,0,0
S,50000,20000,6851,7622,F,3249,3249,0,0
S,50000,20000,16434,19100,T,2866,3556,111,4
S,50000,20000,31783,8377,F,3265,3265,0,0
S,50000,20000,30783,1074,F,3517,3517,0,0
S,50000,20000,17938,9975,F,3480,3480,0,0
S,50000,20000,40237,14730,F,3556,3556,0,0
S,50000,20000,22933,19323,T,1506,3385,119,4
S,50000,20000,16627,18081,F,3242,3242,0,0
S,50000,20000,26793,19257,F,3079,3079,0,0
S,50000,20000,23184,1686,F,3521,3521,0,0
S,50000,20000,18802,14064,T,899,3886,142,5
S,50000,20000,18965,8481,T,2677,3350,128,4
S,50000,20000,37378,18902,F,3160,3160,0,0
S,50000,20000,37729,15760,F,3834,3834,0,0
S,50000,20000,25137,18365,F,2894,2894,0,0
S,50000,20000,13222,1360,F,3294,3294,0,0
S,50000,20000,38151,13881,T,1492,3608,97,4
S,50000,20000,7983,7780,F,3085,3085,0,0
S,50000,20000,36863,538,F,2979,2979,0,0
S,50000,20000,17343,3637,F,3113,3113,0,0
S,50000,20000,19868,16465,F,3323,3323,0,0
S,50000,20000,8457,14654,F,2818,2818,0,0
S,50000,20000,37095,11513,F,3230,3230,0,0
S,50000,20000,38985,19961,F,3499,3499,0,0
S,50000,20000,47041,6370,F,3212,3212,0,0
S,50000,20000,10703,3233,F,3033,3033,0,0
S,50000,20000,34146,11112,T,89,1597,89,3
S,50000,20000,19376,10378,F,2414,2414,0,0
S,50000,20000,24621,4517,F,2810,2810,0,0
S,50000,20000,30310,18747,F,3131,3131,0,0
S,50000,20000,7744,4349,F,3871,3871,0,0
S,50000,20000,43958,19919,F,2769,2769,0,0
S,50000,20000,16004,4119,F,3705,3705,0,0
S,50000,20000,14398,16568,F,3329,3329,0,0
S,50000,20000,7040,162,F,3450,3450,0,0
S,50000,20000,990,423,T,371,3115,105,3
S,50000,20000,13044,15883,F,3496,3496,0,0
S,50000,20000,32330,9192,F,3775,3775,0,0
S,50000,20000,48086,17400,T,241,3334,105,3
S,50000,20000,13626,7287,F,3782,3782,0,0
S,50000,20000,37654,11286,T,26,2614,45,2
S,50000,20000,2251,18347,F,3083,3083,0,0
S,50000,20000,46015,11239,T,1597,3050,136,4
S,50000,20000,36893,16802,F,2888,2888,0,0
S,50000,20000,49536,9767,F,2663,2663,0,0
S,50000,20000,38663,7682,F,2705,2705,0,0
S,50000,20000,47299,5871,F,2943,2943,0,0
S,50000,20000,39274,17463,T,184,1644,70,3
S,50000,20000,6599,12161,F,2644,2644,0,0
S,50000,20000,14660,5791,F,3072,3072,0,0
S,50000,20000,3893,19406,T,2221,3275,121,4
S,50000,20000,42136,12177,T,1435,1451,87,4
S,50000,20000,4199,19392,F,3258,3258,0,0
S,50000,20000,46173,376,F,3208,3208,0,0
S,50000,20000,38658,8059,F,3102,3102,0,0
S,50000,20000,2786,8882,F,3742,3742,0,0
S,50000,20000,41446,11890,F,3472,3472,0,0
S,50000,20000,10729,17651,F,3779,3779,0,0
S,50000,20000,7658,5688,F,3587,3587,0,0
S,50000,20000,14499,8520,T,386,2899,108,3
S,50000,20000,13215,4984,F,3666,3666,0,0
S,50000,20000,45756,12940,F,3557,3557,0,0
S,50000,20000,26943,15263,F,3941,3941,0,0
S,50000,20000,43901,7628,T,980,3748,73,4
S,50000,20000,35569,10602,T,729,2932,87,3
S,50000,20000,6543,11726,F,3588,3588,0,0
S,50000,20000,11474,12942,T,121,1071,83,3
S,50000,20000,1360,5752,F,3114,3114,0,0
S,50000,20000,26621,2637,F,3439,3439,0,0
S,50000,20000,43783,5301,F,3172,3172,0,0
S,50000,20000,46586,1699,F,3567,3567,0,0
S,50000,20000,29820,3661,F,3837,3837,0,0
S,50000,20000,529,634,F,4010,4010,0,0
S,50000,20000,489,16832,F,3325,3325,0,0
S,50000,20000,23443,7020,F,3936,3936,0,0
S,50000,20000,45356,8137,T,625,3860,90,3
S,50000,20000,34902,15906,F,3496,3496,0,0
S,50000,20000,8267,1985,F,3903,3903,0,0
S,50000,20000,30741,16885,F,3871,3871,0,0
S,50000,20000,16855,789,F,3263,3263,0,0
S,50000,20000,30941,7928,T,3377,3796,99,4
S,50000,20000,43431,12553,F,3358,3358,0,0
S,50000,20000,9680,14068,F,3915,3915,0,0
S,50000,20000,18186,7213,F,3594,3594,0,0
S,50000,20000,26345,16115,T,3450,3819,88,4
S,50000,20000,27221,3723,T,588,3065,89,3
S,50000,20000,14838,8769,F,2475,2475,0,0
S,50000,20000,43964,7203,T,1036,1678,115,4
S,50000,20000,29423,18483,F,2892,2892,0,0
S,50000,20000,11100,17887,F,2765,2765,0,0
S,50000,20000,40122,577,F,2702,2702,0,0
S,50000,20000,49261,2711,F,2990,2990,0,0
S,50000,20000,1930,14906,T,2605,2820,115,4
S,50000,20000,3304,404,F,2461,2461,0,0
S,50000,20000,28996,12520,T,78,3073,43,2
S,50000,20000,2235,1151,F,2606,2606,0,0
S,50000,20000,3642,15756,F,2233,2233,0,0
S,50000,20000,41916,17566,F,2245,2245,0,0
S,50000,20000,44394,7974,F,2980,2980,0,0
S,50000,20000,216,13157,F,1939,1939,0,0
S,50000,20000,2515,17529,F,2817,2817,0,0
S,50000,20000,14414,18955,F,3222,3222,0,0
S,50000,20000,18867,4766,T,2954,3197,101,5
S,50000,20000,39007,17900,T,836,3468,120,4
S,50000,20000,28084,12678,F,3089,3089,0,0
S,50000,20000,49940,10306,T,2495,3401,133,4
S,50000,20000,16833,10688,F,2984,2984,0,0
S,50000,20000,10986,6616,F,3532,3532,0,0
S,50000,20000,44677,8997,F,3395,3395,0,0
S,50000,20000,45916,18770,F,3338,3338,0,0
S,50000,20000,29073,19089,T,681,3384,121,3
S,50000,20000,32112,18639,T,2567,2920,117,4
S,50000,20000,40614,3867,F,3600,3600,0,0
S,50000,20000,16512,14306,F,2473,2473,0,0
S,50000,20000,3617,468,T,2844,3193,102,4
S,50000,20000,539,10243,F,2818,2818,0,0
S,50000,20000,15276,12205,T,1690,3126,110,4
S,50000,20000,48522,8226,F,3232,3232,0,0
S,50000,20000,38519,11448,F,3178,3178,0,0
S,50000,20000,9795,7898,F,3256,3256,0,0
S,50000,20000,29785,1414,F,3104,3104,0,0
S,50000,20000,49663,18118,F,3175,3175,0,0
S,50000,20000,37408,2430,F,3073,3073,0,0
S,50000,20000,33435,5927,F,3619,3619,0,0
S,50000,20000,25741,12724,F,3053,3053,0,0
S,50000,20000,9043,1520,F,3828,3828,0,0
S,50000,20000,24653,13539,F,3680,3680,0,0
S,50000,20000,37877,6688,T,3176,3211,116,5
S,50000,20000,6412,10085,T,928,3361,104,3
S,50000,20000,11699,18632,T,694,2868,190,5
S,50000,20000,1230,17906,F,3194,3194,0,0
S,50000,20000,49113,6770,F,3322,3322,0,0
S,50000,20000,29489,6306,F,3322,3322,0,0
S,50000,20000,11935,15952,F,3410,3410,0,0
S,50000,20000,17714,17278,F,3483,3483,0,0
S,50000,20000,35337,1999,F,3195,3195,0,0
S,50000,20000,36564,13457,F,3502,3502,0,0
S,50000,20000,31131,19329,F,3224,3224,0,0
S,50000,20000,39496,2010,F,3321,3321,0,0
S,50000,20000,22790,4344,F,2928,2928,0,0
S,50000,20000,18056,7551,F,2858,2858,0,0
S,50000,20000,30864,3041,F,3411,3411,0,0
S,50000,20000,36030,3072,F,2468,2468,0,0
S,50000,20000,27428,8596,T,1476,1844,90,4
S,50000,20000,15554,8433,F,3622,3622,0,0
S,50000,20000,34639,700,F,3009,3009,0,0
S,50000,20000,46037,13848,T,1837,3635,107,4
S,50000,20000,15009,19110,F,3184,3184,0,0
S,50000,20000,15686,2347,F,3773,3773,0,0
S,50000,20000,34677,10993,T,950,3617,104,4
S,50000,20000,9173,15439,F,3637,3637,0,0
S,50000,20000,363,9130,T,973,2123,122,4
S,50000,20000,38081,11209,F,3898,3898,0,0
S,50000,20000,19634,16325,F,3798,3798,0,0
S,50000,20000,32259,12776,F,3695,3695,0,0
S,50000,20000,48979,9353,F,3626,3626,0,0
S,50000,20000,5174,17916,F,3692,3692,0,0
S,50000,20000,34731,6799,F,3682,3682,0,0
S,50000,20000,33631,6198,F,3619,3619,0,0
S,50000,20000,37012,11956,F,3193,3193,0,0
S,50000,20000,25953,1292,F,3722,3722,0,0
S,50000,20000,47576,12334,T,2484,3522,123,4
S,50000,20000,1029,16282,F,3189,3189,0,0
S,50000,20000,8333,2925,T,1455,3582,112,5
S,50000,20000,642,18588,F,3290,3290,0,0
S,50000,20000,14772,8720,T,2051,3496,172,5
S,50000,20000,33508,19558,F,3313,3313,0,0
S,50000,20000,12310,4477,F,3650,3650,0,0
S,50000,20000,3592,7551,F,3485,3485,0,0
S,50000,20000,43973,10927,F,3657,3657,0,0
S,50000,20000,41956,2217,T,3092,3347,115,4
S,50000,20000,12756,13959,F,3665,3665,0,0
S,50000,20000,2079,3516,F,3626,3626,0,0
S,50000,20000,40888,12447,F,3924,3924,0,0
S,50000,20000,36386,8102,F,3916,3916,0,0
S,50000,20000,7493,2775,F,3667,3667,0,0
S,50000,20000,3129,10718,F,3860,3860,0,0
S,50000,20000,3915,13473,F,3592,3592,0,0
S,50000,20000,34357,14735,T,1975,3230,112,4
S,50000,20000,15842,3,T,655,2282,75,3
S,50000,20000,22989,5335,F,2851,2851,0,0
S,50000,20000,37114,8695,F,3764,3764,0,0
S,50000,20000,33076,11603,F,3538,3538,0,0
S,50000,20000,7965,11306,F,3743,3743,0,0
S,50000,20000,14733,14204,F,3753,3753,0,0
S,50000,20000,17850,3690,T,740,3956,172,4
S,50000,20000,1210,13227,F,3268,3268,0,0
S,50000,20000,43341,17910,F,3720,3720,0,0
S,50000,20000,47473,16883,T,1854,3468,126,4
S,50000,20000,45922,9771,T,2151,3610,78,4
S,50000,20000,35149,4712,F,3108,3108,0,0
S,50000,20000,4666,5055,F,3668,3668,0,0
S,50000,20000,11706,19876,F,3148,3148,0,0
S,50000,20000,8808,5466,F,3678,3678,0,0
S,50000,20000,47557,5461,F,3810,3810,0,0
S,50000,20000,43841,7742,F,3642,3642,0,0
S,50000,20000,36502,5297,T,1678,3623,146,4
S,50000,20000,46126,12813,T,2238,4419,116,4
S,50000,20000,44778,5435,F,3073,3073,0,0
S,50000,20000,290,14315,F,2575,2575,0,0
S,50000,20000,42431,801,F,2846,2846,0,0
S,50000,20000,24314,15461,F,2840,2840,0,0
S,50000,20000,38569,1234,T,2353,3416,173,6
S,50000,20000,7735,2535,F,2408,2408,0,0
S,50000,20000,28093,4693,F,3364,3364,0,0
S,50000,20000,18244,6217,T,3178,3410,129,4
S,50000,20000,3007,17484,F,3073,3073,0,0
S,50000,20000,5440,18613,T,1101,3530,136,4
S,50000,20000,1305,12920,T,2580,2997,135,5
S,50000,20000,4250,8041,T,1196,3602,117,4
S,50000,20000,31126,15039,F,3545,3545,0,0
S,50000,20000,8543,17484,T,3203,3388,143,5
S,50000,20000,37174,17148,T,1901,2362,135,4
S,50000,20000,28881,9570,F,3399,3399,0,0
S,50000,20000,1837,11275,F,4032,4032,0,0
S,50000,20000,46089,17464,T,1464,3151,133,4
S,50000,20000,9943,9882,T,1875,3943,148,4
S,50000,20000,41982,13526,F,2686,2686,0,0
S,50000,20000,1337,5563,F,2837,2837,0,0
S,50000,20000,29659,15271,F,3263,3263,0,0
S,50000,20000,33384,213,F,3445,3445,0,0
S,50000,20000,19702,16054,F,3496,3496,0,0
S,50000,20000,12921,13792,F,3552,3552,0,0
S,50000,20000,25675,17645,F,3437,3437,0,0
S,50000,20000,5624,7357,F,3136,3136,0,0
S,50000,20000,30884,104,T,285,2407,123,3
S,50000,20000,42360,6264,F,3092,3092,0,0
S,50000,20000,42064,4637,F,3677,3677,0,0
S,50000,20000,22497,9663,F,3783,3783,0,0
S,50000,20000,26761,5196,T,2254,3808,171,5
S,50000,20000,44021,4869,T,1549,3759,96,4
S,50000,20000,19790,14434,F,3867,3867,0,0
S,50000,20000,32634,19960,F,3484,3484,0,0
S,50000,20000,21072,10925,F,3847,3847,0,0
S,50000,20000,43582,18145,T,3039,3682,179,6
S,50000,20000,4134,17422,T,2164,3640,93,4
S,50000,20000,22879,17290,F,3723,3723,0,0
S,50000,20000,41173,517,F,3537,3537,0,0
S,50000,20000,42327,10954,F,3515,3515,0,0
S,50000,20000,14516,10730,F,3558,3558,0,0
S,50000,20000,13099,12710,T,2684,3608,147,5
S,50000,20000,22470,11613,T,2412,3160,96,4
S,50000,20000,24403,4064,F,3512,3512,0,0
S,50000,20000,33439,14788,F,3480,3480,0,0
S,50000,20000,30137,18198,F,3694,3694,0,0
S,50000,20000,27219,65,F,3691,3691,0,0
S,50000,20000,43929,8754,F,3073,3073,0,0
S,50000,20000,29998,17509,T,2398,3582,213,6
S,50000,20000,15737,8596,F,2777,2777,0,0
S,50000,20000,15427,19743,F,3760,3760,0,0
S,50000,20000,13493,9911,F,3621,3621,0,0
S,50000,20000,22,4145,F,3578,3578,0,0
S,50000,20000,17683,13263,F,3761,3761,0,0
S,50000,20000,46441,12660,F,4060,4060,0,0
S,50000,20000,12378,7965,T,3103,3888,122,4
S,50000,20000,30521,17661,F,3403,3403,0,0
S,50000,20000,27583,16977,F,3296,3296,0,0
S,50000,20000,14218,6527,T,2503,4290,79,4
S,50000,20000,10540,7444,T,1523,1526,172,5
S,50000,20000,29607,5928,F,4017,4017,0,0
S,50000,20000,15363,1482,T,1526,4112,108,4
S,50000,20000,24046,18710,T,1952,4314,103,4
S,50000,20000,40584,12688,F,3690,3690,0,0
S,50000,20000,3028,12824,T,939,3660,121,4
S,50000,20000,33101,17428,F,3577,3577,0,0
S,50000,20000,11691,12080,T,66,3209,48,2
S,50000,20000,33236,1088,T,3395,3885,147,5
S,50000,20000,22552,6020,T,3109,4178,103,5
S,50000,20000,47373,17537,F,3569,3569,0,0
S,50000,20000,35608,9234,F,4153,4153,0,0
S,50000,20000,45169,14742,F,4026,4026,0,0
S,50000,20000,8519,4351,F,4223,4223,0,0
S,50000,20000,1309,13522,F,3624,3624,0,0
S,50000,20000,15062,6300,F,4150,4150,0,0
S,50000,20000,17380,983,F,3574,3574,0,0
S,50000,20000,5080,111,F,3929,3929,0,0
S,50000,20000,16875,16089,F,4075,4075,0,0
S,50000,20000,43028,14239,T,2721,4045,178,6
S,50000,20000,36421,15297,T,3285,3318,108,4
S,50000,20000,41732,2000,F,3495,3495,0,0
S,50000,20000,27899,11695,F,4269,4269,0,0
S,50000,20000,32460,18588,T,1273,4365,156,4
D,50000,20000,7857,8642,F,2790,2790,0,0
D,50000,20000,29213,1703,F,3762,3762,0,0
D,50000,20000,26457,5871,F,4130,4130,0,0
D,50000,20000,44807,6341,T,3445,3949,109,5
D,50000,20000,34546,13801,T,2653,4156,160,5
D,50000,20000,36346,15832,F,3899,3899,0,0
D,50000,20000,42800,11739,T,574,4078,90,3
D,50000,20000,8572,8414,T,3247,4321,164,5
D,50000,20000,27615,7922,F,4264,4264,0,0
D,50000,20000,16004,6767,F,4357,4357,0,0
D,50000,20000,1457,16372,T,1825,4359,168,5
D,50000,20000,33937,981,F,4771,4771,0,0
D,50000,20000,15285,15722,F,4712,4712,0,0
D,50000,20000,15220,16900,F,4267,4267,0,0
D,50000,20000,16089,2646,F,4266,4266,0,0
D,50000,20000,9455,14439,T,1922,4005,147,4
D,50000,20000,14044,3233,F,4099,4099,0,0
D,50000,20000,8174,2847,F,4190,4190,0,0
D,50000,20000,27638,16157,T,3234,4090,147,5
D,50000,20000,1948,2862,T,3163,4112,105,4
D,50000,20000,48455,19089,T,3481,4377,119,4
D,50000,20000,31489,2793,F,3808,3808,0,0
D,50000,20000,27933,17008,F,3795,3795,0,0
D,50000,20000,25287,825,F,4144,4144,0,0
D,50000,20000,40803,12698,F,3879,3879,0,0
D,50000,20000,35951,10926,F,4397,4397,0,0
D,50000,20000,16444,18127,F,4456,4456,0,0
D,50000,20000,44226,65,T,585,3801,125,4
D,50000,20000,29766,4284,T,380,4080,129,3
D,50000,20000,3706,2560,T,1962,4461,167,5
D,50000,20000,17924,12483,F,4680,4680,0,0
D,50000,20000,24251,8967,F,4356,4356,0,0
D,50000,20000,39371,2384,F,4414,4414,0,0
D,50000,20000,22820,12656,T,354,4419,108,3
D,50000,20000,1926,19379,F,4659,4659,0,0
D,50000,20000,445,15200,T,2847,4188,114,4
D,50000,20000,9934,13615,T,1557,4196,75,4
D,50000,20000,8586,5672,T,3539,3567,170,4
D,50000,20000,40621,11877,F,3931,3931,0,0
D,50000,20000,16484,5731,F,4366,4366,0,0
D,50000,20000,34659,14309,F,4258,4258,0,0
D,50000,20000,41815,5048,F,3624,3624,0,0
D,50000,20000,15877,2491,F,3860,3860,0,0
D,50000,20000,41346,6046,F,4191,4191,0,0
D,50000,20000,1914,9368,F,4479,4479,0,0
D,50000,20000,26426,11463,T,3025,4075,192,5
D,50000,20000,46216,7025,F,4190,4190,0,0
D,50000,20000,11846,3458,F,4286,4286,0,0
D,50000,20000,46903,16471,F,4168,4168,0,0
D,50000,20000,33666,4906,T,163,1799,166,4
D,50000,20000,31601,16913,T,469,4082,89,3
D,50000,20000,46429,2729,F,4178,4178,0,0
D,50000,20000,33706,2940,T,968,3792,78,4
D,50000,20000,14554,7615,T,2286,4169,123,5
D,50000,20000,48360,14732,T,1097,3307,104,4
D,50000,20000,48708,12074,F,4235,4235,0,0
D,50000,20000,43280,14989,T,860,4006,110,3
D,50000,20000,47391,4173,F,4202,4202,0,0
D,50000,20000,49969,8041,F,3934,3934,0,0
D,50000,20000,45707,6510,T,2143,4503,90,5
D,50000,20000,16278,2115,F,4411,4411,0,0
D,50000,20000,40712,11771,F,4317,4317,0,0
D,50000,20000,15060,1514,F,4221,4221,0,0
D,50000,20000,32769,16428,F,4003,4003,0,0
D,50000,20000,19072,2553,T,1830,1971,104,4
D,50000,20000,47832,15457,T,1152,4279,131,4
D,50000,20000,14739,15081,F,4450,4450,0,0
D,50000,20000,23023,5566,F,4507,4507,0,0
D,50000,20000,31345,15501,F,4282,4282,0,0
D,50000,20000,3322,16881,F,4233,4233,0,0
D,50000,20000,46576,339,F,4455,4455,0,0
D,50000,20000,21637,9467,F,4494,4494,0,0
D,50000,20000,25166,8447,F,4588,4588,0,0
D,50000,20000,30871,1419,T,4099,4552,145,4
D,50000,20000,33217,8692,T,1213,4810,116,4
D,50000,20000,26715,374,F,4324,4324,0,0
D,50000,20000,25965,4896,F,4478,4478,0,0
D,50000,20000,1640,3801,T,2596,4522,188,6
D,50000,20000,11389,19708,F,4857,4857,0,0
D,50000,20000,6692,7098,T,3996,4486,157,5
D,50000,20000,35331,19104,F,562,562,0,0
D,50000,20000,49697,10841,F,4833,4833,0,0
D,50000,20000,1719,2924,T,1528,4203,135,4
D,50000,20000,46881,8441,T,3090,4482,103,5
D,50000,20000,27226,7805,F,4949,4949,0,0
D,50000,20000,39859,9334,F,4933,4933,0,0
D,50000,20000,7227,9185,F,4999,4999,0,0
D,50000,20000,33934,7836,T,2188,4396,163,5
D,50000,20000,11708,7226,F,5085,5085,0,0
D,50000,20000,35454,1911,T,365,4529,92,3
D,50000,20000,45858,2598,T,1736,3461,117,4
D,50000,20000,34125,18402,T,1426,4460,109,4
D,50000,20000,17489,14398,T,1966,4773,145,4
D,50000,20000,13264,3029,F,4545,4545,0,0
D,50000,20000,7769,15265,F,4911,4911,0,0
D,50000,20000,17183,24,F,4749,4749,0,0
D,50000,20000,47195,562,F,4659,4659,0,0
D,50000,20000,16303,4822,F,5051,5051,0,0
D,50000,20000,23892,18229,T,2999,4781,94,5
D,50000,20000,23027,2073,F,4999,4999,0,0
D,50000,20000,7704,3791,T,486,4549,120,3
D,50000,20000,28120,3501,F,4939,4939,0,0
D,50000,20000,37562,7205,T,2355,4835,176,5
D,50000,20000,35156,19228,T,1990,5142,145,4
D,50000,20000,11345,10423,T,1598,5126,134,5
D,50000,20000,25138,14374,F,4912,4912,0,0
D,50000,20000,6668,5903,F,4977,4977,0,0
D,50000,20000,34728,1211,F,4873,4873,0,0
D,50000,20000,47272,18656,F,4890,4890,0,0
D,50000,20000,7447,12404,F,3973,3973,0,0
D,50000,20000,18444,14553,F,5046,5046,0,0
D,50000,20000,44496,17006,T,2608,4825,239,6
D,50000,20000,48940,16198,T,1095,4936,92,4
D,50000,20000,30197,7734,T,148,4365,102,3
D,50000,20000,45071,18083,F,5106,5106,0,0
D,50000,20000,4576,12044,T,3507,4554,148,5
D,50000,20000,29268,12729,T,3484,3748,122,4
D,50000,20000,23373,1922,T,289,4763,75,3
D,50000,20000,24547,11867,F,4802,4802,0,0
D,50000,20000,3128,650,F,4839,4839,0,0
D,50000,20000,45922,15590,F,4333,4333,0,0
D,50000,20000,1389,19425,F,4799,4799,0,0
D,50000,20000,22502,8638,F,4892,4892,0,0
D,50000,20000,36238,13000,F,4856,4856,0,0
D,50000,20000,8873,15849,F,4871,4871,0,0
D,50000,20000,41822,6936,T,2503,4259,136,5
D,50000,20000,49973,841,F,5104,5104,0,0
D,50000,20000,21941,12007,F,4751,4751,0,0
D,50000,20000,17690,4173,F,5186,5186,0,0
D,50000,20000,7497,6999,T,3638,5146,138,4
D,50000,20000,19961,8409,T,1720,5327,66,4
D,50000,20000,36567,5681,T,686,693,68,3
D,50000,20000,20296,1404,F,4795,4795,0,0
D,50000,20000,10847,17417,T,3921,5127,202,7
D,50000,20000,44411,18535,F,5113,5113,0,0
D,50000,20000,8912,4394,F,5254,5254,0,0
D,50000,20000,33119,9340,T,3118,4287,133,5
D,50000,20000,32415,4059,F,4742,4742,0,0
D,50000,20000,3052,11408,F,5264,5264,0,0
D,50000,20000,39202,3433,F,5211,5211,0,0
D,50000,20000,10289,19821,F,4730,4730,0,0
D,50000,20000,9051,15784,F,5309,5309,0,0
D,50000,20000,39254,14907,F,5294,5294,0,0
D,50000,20000,46068,2160,T,3327,4749,105,4
D,50000,20000,19697,8842,T,2401,4720,117,4
D,50000,20000,30932,18308,F,4356,4356,0,0
D,50000,20000,30112,2928,F,1,1,0,0
D,50000,20000,38369,9668,T,3440,4912,122,4
D,50000,20000,3532,127,T,171,4177,123,3
D,50000,20000,25049,14268,T,3263,4382,145,4
D,50000,20000,9831,19740,F,4572,4572,0,0
D,50000,20000,20746,17460,F,4801,4801,0,0
D,50000,20000,30626,9572,T,2259,3257,156,4
D,50000,20000,36217,15462,F,4348,4348,0,0
D,50000,20000,23497,7936,F,4286,4286,0,0
D,50000,20000,30274,19357,F,3724,3724,0,0
D,50000,20000,19582,9019,T,2762,5009,110,4
D,50000,20000,45486,13067,F,3838,3838,0,0
D,50000,20000,6671,11831,T,3676,4441,118,4
D,50000,20000,16301,11659,F,4744,4744,0,0
D,50000,20000,28566,18081,F,5267,5267,0,0
D,50000,20000,11613,10814,T,1220,5025,155,5
D,50000,20000,10980,7300,T,2790,5252,93,4
D,50000,20000,46063,13382,F,4971,4971,0,0
D,50000,20000,42969,16093,T,1147,4441,128,4
D,50000,20000,43519,14429,T,2488,5260,169,4
D,50000,20000,46508,2232,T,3112,5182,117,5
D,50000,20000,12067,15629,T,3172,5193,133,5
D,50000,20000,23151,13539,F,5387,5387,0,0
D,50000,20000,3277,541,F,5282,5282,0,0
D,50000,20000,19334,14449,F,5199,5199,0,0
D,50000,20000,33953,12078,T,2271,4441,165,5
D,50000,20000,43275,1638,T,880,4950,77,3
D,50000,20000,32408,10783,T,175,5442,105,3
D,50000,20000,7812,3241,F,5373,5373,0,0
D,50000,20000,43241,12466,F,5155,5155,0,0
D,50000,20000,4517,14600,T,4225,5024,192,5
D,50000,20000,15494,9866,F,5183,5183,0,0
D,50000,20000,8430,7632,T,3681,4861,138,5
D,50000,20000,20636,16639,T,592,4728,87,4
D,50000,20000,44466,3610,T,1329,2410,123,5
D,50000,20000,7481,6848,F,5310,5310,0,0
D,50000,20000,36277,12663,F,5416,5416,0,0
D,50000,20000,38830,18072,F,5052,5052,0,0
D,50000,20000,14732,16375,F,5361,5361,0,0
D,50000,20000,17495,10700,F,5315,5315,0,0
D,50000,20000,5821,9963,F,5016,5016,0,0
D,50000,20000,35187,10675,F,5366,5366,0,0
D,50000,20000,47787,7279,F,5252,5252,0,0
D,50000,20000,24228,361,T,2048,5206,89,4
D,50000,20000,46125,14475,F,5330,5330,0,0
D,50000,20000,15038,4521,F,5106,5106,0,0
D,50000,20000,38768,7682,F,4945,4945,0,0
D,50000,20000,24653,11186,F,4668,4668,0,0
D,50000,20000,19063,114,F,4291,4291,0,0
D,50000,20000,1776,16085,F,4800,4800,0,0
D,50000,20000,40113,6446,F,5031,5031,0,0
D,50000,20000,10297,5729,F,5195,5195,0,0
D,50000,20000,25104,13196,F,5342,5342,0,0
D,50000,20000,4312,18725,F,4635,4635,0,0
D,50000,20000,42777,15313,F,5279,5279,0,0
D,50000,20000,10665,3147,F,5063,5063,0,0
D,50000,20000,40842,5080,T,2069,4623,160,4
D,50000,20000,12010,9456,T,2085,4972,139,4
D,50000,20000,24328,14249,F,4995,4995,0,0
D,50000,20000,16375,15385,T,867,4874,110,3
D,50000,20000,4181,14146,T,782,5329,111,4
D,50000,20000,36437,3474,T,57,2741,55,2
D,50000,20000,19096,1979,F,4931,4931,0,0
D,50000,20000,38342,3653,F,5332,5332,0,0
D,50000,20000,41537,2866,F,4653,4653,0,0
D,50000,20000,28639,6366,F,5389,5389,0,0
D,50000,20000,49219,338,F,5298,5298,0,0
D,50000,20000,33163,1484,T,2001,2032,156,5
D,50000,20000,39633,1604,F,5255,5255,0,0
D,50000,20000,35003,15885,T,1288,5189,113,4
D,50000,20000,34427,391,F,5179,5179,0,0
D,50000,20000,5216,18665,T,2246,5243,145,5
D,50000,20000,2477,6294,F,4642,4642,0,0
D,50000,20000,33253,16673,F,4147,4147,0,0
D,50000,20000,3716,11981,T,603,5028,126,4
D,50000,20000,33016,5462,F,5288,5288,0,0
D,50000,20000,45521,4296,F,4965,4965,0,0
D,50000,20000,48626,19684,T,482,5045,113,4
D,50000,20000,4723,3184,F,4786,4786,0,0
D,50000,20000,43874,1084,T,762,4814,111,4
D,50000,20000,38086,17692,T,4646,5155,314,8
D,50000,20000,4328,13671,F,4539,4539,0,0
D,50000,20000,30449,4277,F,3659,3659,0,0
D,50000,20000,6055,15831,T,933,4329,77,4
D,50000,20000,23125,16829,F,5102,5102,0,0
D,50000,20000,24890,19768,F,5327,5327,0,0
D,50000,20000,10741,15045,T,219,5191,87,3
D,50000,20000,41323,13920,F,5197,5197,0,0
D,50000,20000,6311,12927,F,5327,5327,0,0
D,50000,20000,49609,11203,T,1102,5219,133,4
D,50000,20000,21498,13109,F,5073,5073,0,0
D,50000,20000,49289,6088,T,3939,4635,120,5
D,50000,20000,15437,17185,T,2477,5213,161,5
D,50000,20000,863,2412,F,5113,5113,0,0
D,50000,20000,38312,4186,T,4655,4954,147,5
D,50000,20000,14627,7940,T,3751,5267,132,5
D,50000,20000,29673,7953,F,5325,5325,0,0
D,50000,20000,38958,7994,T,574,3162,126,5
D,50000,20000,46595,6164,F,5105,5105,0,0
D,50000,20000,44791,11834,T,2698,5336,87,4
D,50000,20000,9514,17312,T,1928,5203,128,4
D,50000,20000,16171,6256,T,993,5143,206,6
D,50000,20000,17608,12896,F,5255,5255,0,0
D,50000,20000,30551,10812,F,5025,5025,0,0
D,50000,20000,16816,8182,F,4786,4786,0,0
D,50000,20000,43173,19665,F,4820,4820,0,0
D,50000,20000,16130,1060,F,4795,4795,0,0
D,50000,20000,41955,1451,T,198,5173,116,3
D,50000,20000,40142,2286,T,4029,5213,114,6
D,50000,20000,28291,19322,F,5367,5367,0,0
D,50000,20000,40443,6396,F,5378,5378,0,0
D,50000,20000,6159,2905,F,4991,4991,0,0
D,50000,20000,18308,13541,T,1559,5193,177,4
D,50000,20000,18794,1229,T,2981,5380,145,5
D,50000,20000,29605,11354,T,1757,5093,164,5
D,50000,20000,10886,6491,F,5390,5390,0,0
D,50000,20000,30820,16487,F,4893,4893,0,0
D,50000,20000,25698,3034,F,4829,4829,0,0
D,50000,20000,20874,4461,F,5162,5162,0,0
D,50000,20000,29858,8898,T,3743,5026,182,5
D,50000,20000,31005,10157,T,143,5356,78,3
D,50000,20000,6929,7654,T,4550,5185,118,4
D,50000,20000,38869,17362,F,4514,4514,0,0
D,50000,20000,43006,18373,F,5293,5293,0,0
D,50000,20000,20006,4504,F,4624,4624,0,0
D,50000,20000,2272,1810,T,3601,4803,125,4
D,50000,20000,9707,10909,F,5017,5017,0,0
D,50000,20000,23531,6147,T,1844,4935,121,4
D,50000,20000,12369,7991,F,5456,5456,0,0
D,50000,20000,15017,8022,T,1254,5189,177,4
D,50000,20000,26974,15078,T,258,5047,116,4
D,50000,20000,21153,65,T,2149,3412,133,4
D,50000,20000,20862,15550,T,2778,4843,116,6
D,50000,20000,9930,197,F,4768,4768,0,0
D,50000,20000,48467,15562,T,1303,5163,149,4
D,50000,20000,45608,8072,F,4761,4761,0,0
D,50000,20000,19150,19921,F,5204,5204,0,0
D,50000,20000,30902,18797,T,4317,5037,111,4
D,50000,20000,17540,16087,T,927,5046,91,4
D,50000,20000,46526,16032,T,984,4837,128,4
D,50000,20000,37866,10948,T,12,4536,51,2
D,50000,20000,45654,17354,F,4991,4991,0,0
D,50000,20000,39540,18770,F,5301,5301,0,0
D,50000,20000,49893,13799,F,5293,5293,0,0
D,50000,20000,47339,2429,T,1598,4843,135,4
D,50000,20000,45074,14910,F,4784,4784,0,0
D,50000,20000,1693,9611,F,5101,5101,0,0
D,50000,20000,17085,11168,T,3674,4733,129,5
D,50000,20000,13530,14930,F,5350,5350,0,0
D,50000,20000,31373,4498,F,5120,5120,0,0
D,50000,20000,25282,3154,F,5506,5506,0,0
D,50000,20000,29320,9928,T,1124,5078,184,4
D,50000,20000,1426,6453,F,3965,3965,0,0
D,50000,20000,14290,14097,T,1064,5022,121,4
D,50000,20000,13268,19269,F,4860,4860,0,0
D,50000,20000,16389,8108,T,82,4839,67,2
D,50000,20000,12287,5176,T,2494,5069,161,4
D,50000,20000,16324,12289,F,5316,5316,0,0
D,50000,20000,34074,14343,T,4179,4990,83,4
D,50000,20000,48014,6067,F,5312,5312,0,0
D,50000,20000,48857,3329,T,3167,5249,181,5
D,50000,20000,6977,14611,F,5330,5330,0,0
D,50000,20000,20709,8196,F,5363,5363,0,0
D,50000,20000,21893,8069,T,4694,4820,123,5
D,50000,20000,24652,9381,F,4926,4926,0,0
D,50000,20000,38969,17160,T,2205,4962,149,4
D,50000,20000,48331,5526,F,5341,5341,0,0
D,50000,20000,20184,9679,F,4960,4960,0,0
D,50000,20000,45037,1835,T,3013,5101,116,4
D,50000,20000,34940,363,F,5350,5350,0,0
D,50000,20000,34373,5318,T,4404,5383,183,5
D,50000,20000,1964,15720,F,4975,4975,0,0
D,50000,20000,7675,5836,F,5242,5242,0,0
D,50000,20000,36197,5815,F,5337,5337,0,0
D,50000,20000,40267,9503,T,263,4837,109,3
D,50000,20000,2770,13079,F,5390,5390,0,0
D,50000,20000,29614,11251,T,756,4982,104,5
D,50000,20000,30292,4601,T,2442,4720,127,4
D,50000,20000,9711,14980,T,3485,5139,139,4
D,50000,20000,24807,17333,F,5171,5171,0,0
D,50000,20000,40579,9034,F,5282,5282,0,0
D,50000,20000,24992,1346,F,5131,5131,0,0
D,50000,20000,39260,1063,T,2294,4561,124,4
D,50000,20000,21303,11369,F,5363,5363,0,0
D,50000,20000,25104,18472,T,241,4801,78,3
D,50000,20000,18934,6311,F,5286,5286,0,0
D,50000,20000,28350,17870,T,3279,5191,182,6
D,50000,20000,37270,8309,T,1237,5144,132,4
D,50000,20000,14191,16025,T,2699,5126,152,4
D,50000,20000,44128,3582,F,5304,5304,0,0
D,50000,20000,37642,18959,T,1622,5120,162,5
D,50000,20000,34562,15407,F,5329,5329,0,0
D,50000,20000,14686,2594,F,5243,5243,0,0
D,50000,20000,20194,8493,T,518,4269,98,4
D,50000,20000,4890,13608,F,5424,5424,0,0
D,50000,20000,6046,15517,T,1509,4918,162,5
D,50000,20000,6993,10635,T,3583,5215,91,4
D,50000,20000,44320,354,F,5233,5233,0,0
D,50000,20000,12634,15523,T,299,4522,55,3
D,50000,20000,2702,13044,T,2123,4295,92,4
D,50000,20000,1587,9168,F,5250,5250,0,0
D,50000,20000,47640,18219,F,5018,5018,0,0
D,50000,20000,20470,8651,T,122,5117,138,4
D,50000,20000,46638,3395,T,1883,4709,113,4
D,50000,20000,41753,12165,F,5192,5192,0,0
D,50000,20000,28186,14565,T,5004,5221,152,5
D,50000,20000,11000,18864,F,5052,5052,0,0
D,50000,20000,11868,4226,T,1854,4833,165,4
D,50000,20000,5460,9589,F,5247,5247,0,0
D,50000,20000,28376,14481,T,30,274,64,2
D,50000,20000,27941,14071,T,1155,4811,135,4
D,50000,20000,29996,2123,F,5382,5382,0,0
D,50000,20000,518,19379,T,873,5101,100,4
D,50000,20000,25255,6300,F,5158,5158,0,0
D,50000,20000,42527,251,F,4992,4992,0,0
D,50000,20000,1524,3055,T,1870,4648,136,4
D,50000,20000,20026,8531,T,665,3837,118,3
D,50000,20000,6822,13655,F,5065,5065,0,0
D,50000,20000,19168,4805,F,4793,4793,0,0
D,50000,20000,19390,4426,T,1707,4999,128,4
D,50000,20000,33839,19336,F,4926,4926,0,0
D,50000,20000,24375,10171,T,3897,4479,141,5
D,50000,20000,24727,5354,F,5429,5429,0,0
D,50000,20000,29960,6402,T,991,4195,108,4
D,50000,20000,6562,11273,F,5308,5308,0,0
D,50000,20000,6996,6033,F,4702,4702,0,0
D,50000,20000,19180,2142,T,778,4743,62,3
D,50000,20000,39866,852,F,4589,4589,0,0
D,50000,20000,24441,1651,F,5361,5361,0,0
D,50000,20000,46781,3077,F,5040,5040,0,0
D,50000,20000,16919,15474,F,5132,5132,0,0
D,50000,20000,40786,19372,F,5111,5111,0,0
D,50000,20000,37150,17595,F,4886,4886,0,0
D,50000,20000,4122,6502,F,5054,5054,0,0
D,50000,20000,32010,5890,F,4563,4563,0,0
D,50000,20000,35929,4063,F,4849,4849,0,0
D,50000,20000,31356,10658,F,4549,4549,0,0
D,50000,20000,33610,5854,F,3458,3458,0,0
D,50000,20000,19977,4525,F,5398,5398,0,0
D,50000,20000,2109,6006,F,5250,5250,0,0
D,50000,20000,25996,13738,F,4951,4951,0,0
D,50000,20000,13032,13463,T,4102,5305,175,5
D,50000,20000,11464,2353,T,3860,5220,155,6
D,50000,20000,22984,410,F,5224,5224,0,0
D,50000,20000,5746,10585,F,5012,5012,0,0
D,50000,20000,45600,14467,F,5265,5265,0,0
D,50000,20000,14645,3932,T,387,5041,156,4
D,50000,20000,32851,17535,T,1003,5360,97,4
D,50000,20000,7439,16952,T,2258,4095,135,4
D,50000,20000,47330,14356,T,2341,5043,116,4
D,50000,20000,4920,2695,F,5210,5210,0,0
D,50000,20000,1565,8756,F,5033,5033,0,0
D,50000,20000,20900,6507,F,5433,5433,0,0
D,50000,20000,45175,19871,F,4743,4743,0,0
D,50000,20000,12287,3214,F,5254,5254,0,0
D,50000,20000,45984,19060,F,4737,4737,0,0
D,50000,20000,41125,17445,F,4938,4938,0,0
D,50000,20000,49208,14401,T,2073,5250,174,6
D,50000,20000,43799,1307,F,5036,5036,0,0
D,50000,20000,3417,10473,T,3620,4542,144,4
D,50000,20000,28164,4092,F,5456,5456,0,0
D,50000,20000,37274,19229,F,5183,5183,0,0
D,50000,20000,3699,15058,T,2008,5252,103,4
D,50000,20000,46718,3237,T,1038,5350,65,3
D,50000,20000,3673,2818,F,4967,4967,0,0
D,50000,20000,8977,8559,F,5061,5061,0,0
D,50000,20000,15345,13022,F,5160,5160,0,0
D,50000,20000,42213,14219,T,2601,4388,104,4
D,50000,20000,22943,10098,T,3644,5288,151,5
D,50000,20000,32958,14970,F,5040,5040,0,0
D,50000,20000,44370,13765,T,373,5025,134,4
D,50000,20000,22458,1242,F,5193,5193,0,0
D,50000,20000,43704,1980,T,717,4311,80,3
D,50000,20000,28716,7675,T,3021,4454,160,5
D,50000,20000,3525,19616,T,1143,4710,160,4
D,50000,20000,10216,9364,T,2589,4731,104,5
D,50000,20000,30232,10101,F,5448,5448,0,0
D,50000,20000,26288,4125,T,2192,5389,169,4
D,50000,20000,4414,10217,T,3635,4785,113,4
D,50000,20000,26371,2482,T,3096,5173,147,4
D,50000,20000,8505,18297,F,4988,4988,0,0
D,50000,20000,43146,11440,F,5350,5350,0,0
D,50000,20000,9611,7106,F,5288,5288,0,0
D,50000,20000,25305,3558,T,4325,4589,181,4
D,50000,20000,44201,13579,F,5326,5326,0,0
D,50000,20000,2739,2007,F,5259,5259,0,0
D,50000,20000,32155,8723,T,1208,5003,158,5
D,50000,20000,19114,11043,T,2769,5265,121,5
D,50000,20000,20423,9536,T,3752,4456,115,4
D,50000,20000,9909,9664,T,5343,5379,227,7
D,50000,20000,49544,19393,F,5447,5447,0,0
D,50000,20000,36890,14766,T,3297,5049,146,5
D,50000,20000,26116,4777,T,5025,5236,141,5
D,50000,20000,44333,18532,T,4871,5338,123,4
D,50000,20000,264,13396,T,263,4733,120,3
D,50000,20000,45535,2233,F,5124,5124,0,0
D,50000,20000,6238,5943,F,5066,5066,0,0
D,50000,20000,40492,18456,F,4870,4870,0,0
D,50000,20000,37489,18220,F,5435,5435,0,0
D,50000,20000,47020,1737,F,4672,4672,0,0
D,50000,20000,37234,9029,T,3360,5304,121,5
D,50000,20000,11076,14246,T,2091,4533,206,5
D,50000,20000,24616,5917,T,2911,4276,108,4
D,50000,20000,31503,15631,F,5092,5092,0,0
D,50000,20000,15740,6952,F,5044,5044,0,0
D,50000,20000,20873,19078,F,4728,4728,0,0
D,50000,20000,19562,18597,T,2022,4350,92,4
D,50000,20000,20469,4720,F,4890,4890,0,0
D,50000,20000,6101,16076,F,4752,4752,0,0
D,50000,20000,17857,1597,T,4437,4445,146,4
D,50000,20000,47875,17213,T,1443,3976,132,5
D,50000,20000,6681,8958,F,4987,4987,0,0
D,50000,20000,4802,14925,F,4925,4925,0,0
D,50000,20000,46287,16980,F,4625,4625,0,0
D,50000,20000,10904,6701,F,4944,4944,0,0
D,50000,20000,45855,4593,F,4883,4883,0,0
D,50000,20000,41390,1772,F,4859,4859,0,0
D,50000,20000,38617,1102,F,4987,4987,0,0
D,50000,20000,21350,4410,F,4954,4954,0,0
D,50000,20000,31807,10206,T,4655,4824,105,4
D,50000,20000,43222,16984,F,4888,4888,0,0
D,50000,20000,23845,16705,F,4220,4220,0,0
D,50000,20000,47316,15426,F,4982,4982,0,0
D,50000,20000,23166,18471,F,4572,4572,0,0
D,50000,20000,17562,1117,T,3499,4616,144,4
D,50000,20000,12862,6865,F,4732,4732,0,0
D,50000,20000,29282,17879,T,4267,5050,154,5
D,50000,20000,33800,12182,T,4803,5127,175,5
D,50000,20000,6906,6038,T,2979,4797,121,4
D,50000,20000,35208,12599,F,4703,4703,0,0
D,50000,20000,43051,5155,T,4061,5259,225,7
D,50000,20000,15419,10901,F,5075,5075,0,0
D,50000,20000,11826,1003,F,4837,4837,0,0
D,50000,20000,19277,4325,F,5234,5234,0,0
D,50000,20000,39845,4298,F,5228,5228,0,0
D,50000,20000,4520,18348,T,1281,2339,73,3
D,50000,20000,47208,11150,T,73,4042,68,2
D,50000,20000,11446,5246,T,4617,4914,127,6
D,50000,20000,20449,2601,F,5311,5311,0,0
D,50000,20000,36312,11951,T,257,5119,58,3
D,50000,20000,9840,3382,F,5161,5161,0,0
D,50000,20000,7496,8941,F,5335,5335,0,0
D,50000,20000,5924,19813,F,5212,5212,0,0
D,50000,20000,3474,10355,F,4661,4661,0,0
D,50000,20000,42814,6822,F,5296,5296,0,0
D,50000,20000,1054,7336,T,52,4962,66,2
D,50000,20000,24943,8305,F,5279,5279,0,0
D,50000,20000,19666,2071,F,5125,5125,0,0
D,50000,20000,17451,10673,F,5023,5023,0,0
D,50000,20000,16507,6352,T,332,5043,91,3
D,50000,20000,32915,4906,T,1623,5219,162,5
D,50000,20000,30145,2078,T,1639,4410,134,5
D,50000,20000,26671,9514,F,4782,4782,0,0
D,50000,20000,11030,2491,F,5122,5122,0,0
D,50000,20000,36370,11177,T,3374,4178,175,6
D,50000,20000,28534,6178,T,719,2203,129,4
D,50000,20000,5640,16401,T,5000,5261,216,6
D,50000,20000,13745,10666,T,3593,4063,137,4
D,50000,20000,49914,7550,F,5289,5289,0,0
D,50000,20000,32732,19350,F,4753,4753,0,0
D,50000,20000,40464,15933,F,4513,4513,0,0
D,50000,20000,13035,8967,F,5269,5269,0,0
D,50000,20000,1701,17269,F,5133,5133,0,0
D,50000,20000,35861,15299,T,2620,4659,95,4
D,50000,20000,1925,17180,F,5468,5468,0,0
D,50000,20000,22165,10188,F,4800,4800,0,0
D,50000,20000,515,11558,F,4566,4566,0,0
D,50000,20000,43559,12013,T,44,352,43,2
D,50000,20000,47535,17267,F,4942,4942,0,0
D,50000,20000,9041,15900,F,4975,4975,0,0
D,50000,20000,1161,18601,F,4909,4909,0,0
D,50000,20000,14853,2847,F,5181,5181,0,0
D,50000,20000,21067,2002,T,1076,4022,107,4
D,50000,20000,17500,2264,F,4848,4848,0,0
D,50000,20000,9664,7805,F,4967,4967,0,0
D,50000,20000,27140,18250,F,255,255,0,0
D,50000,20000,12686,796,F,5276,5276,0,0
D,50000,20000,38614,1947,T,2315,4772,152,5
D,50000,20000,22288,220,T,4764,5285,135,4
D,50000,20000,20335,3644,T,3827,5157,138,4
D,50000,20000,46188,15665,F,4873,4873,0,0
D,50000,20000,38082,16540,F,4828,4828,0,0
D,50000,20000,22887,11331,T,350,4743,101,3
D,50000,20000,13659,12588,F,4915,4915,0,0
D,50000,20000,39638,11597,F,5051,5051,0,0
D,50000,20000,1112,6252,F,4748,4748,0,0
D,50000,20000,47951,68,F,5111,5111,0,0
D,50000,20000,6613,12975,T,2114,4847,87,4
D,50000,20000,22849,14749,F,4803,4803,0,0
D,50000,20000,22338,2984,F,5207,5207,0,0
D,50000,20000,1733,7235,F,4558,4558,0,0
D,50000,20000,32296,6164,F,4917,4917,0,0
D,50000,20000,48744,15829,T,3104,4586,67,4
D,50000,20000,34033,1847,T,821,4685,111,4
D,50000,20000,7608,9289,T,3584,5315,118,4
D,50000,20000,10864,789,T,1432,5001,95,4
D,50000,20000,27045,18666,F,4453,4453,0,0
D,50000,20000,29836,15389,T,1443,4535,102,4
D,50000,20000,25510,16301,F,4896,4896,0,0
D,50000,20000,41111,13131,T,9,5026,68,2
D,50000,20000,14395,9688,F,5120,5120,0,0
D,50000,20000,43396,7329,F,4609,4609,0,0
D,50000,20000,22069,8924,T,1372,4656,107,4
D,50000,20000,15745,3603,F,4961,4961,0,0
D,50000,20000,49210,17921,F,4607,4607,0,0
D,50000,20000,24223,7355,F,5175,5175,0,0
D,50000,20000,17558,6418,F,4925,4925,0,0
D,50000,20000,27512,8150,T,808,3950,71,3
D,50000,20000,19106,15723,T,674,4877,84,4
D,50000,20000,48129,275,T,4573,4633,153,5
D,50000,20000,39747,16350,T,4638,4983,167,6
D,50000,20000,31554,14104,T,289,4761,115,3
D,50000,20000,46909,2156,T,2079,4624,97,4
D,50000,20000,28312,6227,T,3559,3567,144,4
D,50000,20000,14037,11511,T,1671,5347,114,4
D,50000,20000,10350,16322,T,1705,4685,116,5
D,50000,20000,47260,10437,F,5434,5434,0,0
D,50000,20000,20201,13698,F,5165,5165,0,0
D,50000,20000,19157,19701,T,3904,4955,183,5
D,50000,20000,4106,15357,T,1453,5249,132,4
D,50000,20000,25102,3995,T,1307,5308,98,4
D,50000,20000,27392,19177,T,4080,5356,134,4
D,50000,20000,41284,13876,T,4031,4441,212,5
D,50000,20000,20752,3252,F,4553,4553,0,0
D,50000,20000,1242,17417,F,5445,5445,0,0
D,50000,20000,44018,11393,F,5231,5231,0,0
D,50000,20000,6188,19423,F,5019,5019,0,0
D,50000,20000,31056,17951,T,2867,3875,178,6
D,50000,20000,4016,817,T,1780,5056,99,4
D,50000,20000,23913,18748,T,3861,5125,102,4
D,50000,20000,17313,13306,T,3069,5334,162,6
D,50000,20000,8640,10556,T,564,4716,92,3
D,50000,20000,12948,8747,F,5352,5352,0,0
D,50000,20000,28738,16596,T,150,2816,110,4
D,50000,20000,10587,11682,F,5166,5166,0,0
D,50000,20000,23030,18203,T,3688,5311,200,6
D,50000,20000,30832,19032,T,2963,5238,135,4
D,50000,20000,5928,919,F,4643,4643,0,0
D,50000,20000,16331,7916,F,5225,5225,0,0
D,50000,20000,49179,8417,F,5305,5305,0,0
D,50000,20000,8651,4105,F,5186,5186,0,0
D,50000,20000,49198,12208,T,4007,5198,144,4
D,50000,20000,16942,10287,T,3890,4197,94,5
D,50000,20000,14148,16207,T,1638,5394,170,5
D,50000,20000,18939,17586,T,1338,5395,105,4
D,50000,20000,8059,7451,F,4869,4869,0,0
D,50000,20000,19097,2389,T,1848,5180,154,5
D,50000,20000,37579,18392,F,4002,4002,0,0
D,50000,20000,49033,8825,F,4665,4665,0,0
D,50000,20000,22313,250,F,5204,5204,0,0
D,50000,20000,45112,14720,F,5417,5417,0,0
D,50000,20000,18095,19685,T,2707,5324,119,4
D,50000,20000,9364,19388,F,4643,4643,0,0
D,50000,20000,36611,5040,T,4822,5095,255,7
D,50000,20000,3022,7219,T,2202,5275,130,4
D,50000,20000,5755,6028,T,546,4875,88,3
D,50000,20000,38013,7320,T,4448,5267,119,4
D,50000,20000,33725,15617,F,5211,5211,0,0
D,50000,20000,5782,12222,T,4540,4775,173,6
D,50000,20000,1315,4888,F,4901,4901,0,0
D,50000,20000,16440,18632,F,4513,4513,0,0
D,50000,20000,47186,7605,F,5301,5301,0,0
D,50000,20000,762,12774,T,113,4793,82,3
D,50000,20000,45576,4393,F,5117,5117,0,0
D,50000,20000,28622,8521,T,4730,5210,173,5
D,50000,20000,40575,17426,F,5247,5247,0,0
D,50000,20000,43710,1870,F,5275,5275,0,0
D,50000,20000,9378,17115,F,5294,5294,0,0
D,50000,20000,40966,15668,F,5048,5048,0,0
D,50000,20000,31649,3086,F,5272,5272,0,0
D,50000,20000,45379,16661,F,5320,5320,0,0
D,50000,20000,17895,18957,F,4584,4584,0,0
D,50000,20000,10078,1490,F,5375,5375,0,0
D,50000,20000,16240,23,F,5265,5265,0,0
D,50000,20000,3197,936,F,4763,4763,0,0
D,50000,20000,32503,15542,F,5156,5156,0,0
D,50000,20000,42488,9180,F,5162,5162,0,0
D,50000,20000,4604,9887,F,5141,5141,0,0
D,50000,20000,13106,6311,F,5170,5170,0,0
D,50000,20000,14176,1184,F,4829,4829,0,0
D,50000,20000,30550,19543,F,5320,5320,0,0
D,50000,20000,48161,1457,T,95,5029,69,2
D,50000,20000,26358,6945,T,2798,4876,217,7
D,50000,20000,28085,8268,T,3286,3738,116,4
D,50000,20000,3930,15780,F,5290,5290,0,0
D,50000,20000,22934,13215,T,1948,4732,114,4
D,50000,20000,13685,4596,T,3360,5528,140,4
D,50000,20000,22427,13508,T,537,4728,103,3
D,50000,20000,8830,5486,T,4443,4825,157,6
D,50000,20000,8495,16304,F,5251,5251,0,0
D,50000,20000,24317,10125,F,5100,5100,0,0
D,50000,20000,35991,5427,T,2776,5230,138,5
D,50000,20000,18325,19193,T,3246,4474,123,4
D,50000,20000,14928,12362,T,327,4975,79,4
D,50000,20000,26296,4216,F,5260,5260,0,0
D,50000,20000,38502,3637,T,4801,5303,141,5
D,50000,20000,36913,12004,T,2088,4710,113,4
D,50000,20000,11265,19812,F,5302,5302,0,0
D,50000,20000,4554,5033,F,5327,5327,0,0
D,50000,20000,24633,14024,F,5166,5166,0,0
D,50000,20000,49343,14095,T,2219,4801,113,6
D,50000,20000,17289,1480,T,1948,5217,112,4
D,50000,20000,18557,14981,F,5096,5096,0,0
D,50000,20000,17713,16974,T,1104,5102,88,4
D,50000,20000,37700,19237,T,1394,4506,85,4
D,50000,20000,28476,5881,T,4036,5411,146,4
D,50000,20000,34995,12765,T,781,5092,118,4
D,50000,20000,45324,5275,F,5032,5032,0,0
D,50000,20000,35058,2188,F,5184,5184,0,0
D,50000,20000,19004,15391,F,4625,4625,0,0
D,50000,20000,27455,9897,F,4259,4259,0,0
D,50000,20000,34192,6671,T,300,2894,101,3
D,50000,20000,30828,450,T,2824,3513,125,4
D,50000,20000,35587,11156,F,4038,4038,0,0
D,50000,20000,48370,10651,F,2634,2634,0,0
D,50000,20000,42640,1309,T,2576,4030,94,4
D,50000,20000,37844,4279,F,4171,4171,0,0
D,50000,20000,47383,15987,T,675,3951,94,3
D,50000,20000,46,3192,T,3924,4393,177,6
D,50000,20000,40672,1045,T,600,3263,82,4
D,50000,20000,31317,17530,F,4256,4256,0,0
D,50000,20000,42386,18875,F,4769,4769,0,0
D,50000,20000,49667,65,F,4775,4775,0,0
D,50000,20000,24345,15962,T,1391,3869,167,4
D,50000,20000,33180,7272,F,4155,4155,0,0
D,50000,20000,39898,15501,F,4013,4013,0,0
D,50000,20000,2846,9733,F,3250,3250,0,0
D,50000,20000,9800,940,T,2465,3869,125,4
D,50000,20000,21730,11552,T,6,420,34,1
D,50000,20000,44823,7272,T,203,3723,91,4
D,50000,20000,49957,8497,F,4055,4055,0,0
D,50000,20000,14695,14667,F,4178,4178,0,0
D,50000,20000,48470,2684,F,4327,4327,0,0
D,50000,20000,9967,6304,T,1023,4084,134,4
D,50000,20000,31381,9314,F,4261,4261,0,0
D,50000,20000,49856,13488,T,567,4012,78,3
D,50000,20000,9783,19969,F,3911,3911,0,0
D,50000,20000,8231,9038,F,3776,3776,0,0
D,50000,20000,28499,13914,T,1443,4078,135,4
D,50000,20000,31079,3702,T,1175,3957,117,4
D,50000,20000,30092,13720,F,4036,4036,0,0
D,50000,20000,44068,16360,F,3769,3769,0,0
D,50000,20000,42025,631,F,4321,4321,0,0
D,50000,20000,20350,3940,T,1172,4043,199,5
D,50000,20000,30833,7703,F,4202,4202,0,0
D,50000,20000,34547,19359,F,3926,3926,0,0
D,50000,20000,48510,17760,F,4051,4051,0,0
D,50000,20000,39998,858,F,3026,3026,0,0
D,50000,20000,16888,643,F,3734,3734,0,0
D,50000,20000,27633,18452,T,761,3926,87,4
D,50000,20000,4220,9991,F,4661,4661,0,0
D,50000,20000,969,4965,F,4100,4100,0,0
D,50000,20000,30865,19992,F,4115,4115,0,0
D,50000,20000,625,6033,F,4160,4160,0,0
D,50000,20000,4164,7909,F,3436,3436,0,0
D,50000,20000,21969,13360,T,1073,3334,140,4
D,50000,20000,32798,4621,T,391,3766,66,3
D,50000,20000,15081,1147,F,2593,2593,0,0
D,50000,20000,3015,17909,F,4217,4217,0,0
D,50000,20000,22329,5269,F,3831,3831,0,0
D,50000,20000,6109,4386,T,1962,4149,135,5
D,50000,20000,41262,8414,F,3957,3957,0,0
D,50000,20000,36225,13658,F,4211,4211,0,0
D,50000,20000,43401,15330,T,1373,3853,100,4
D,50000,20000,34844,11679,F,3797,3797,0,0
D,50000,20000,39050,3367,F,3771,3771,0,0
D,50000,20000,19020,5091,F,4289,4289,0,0
D,50000,20000,24945,10800,T,3032,3937,120,5
D,50000,20000,14929,5803,F,4517,4517,0,0
D,50000,20000,46847,11541,T,1715,4026,107,5
D,50000,20000,20417,5886,F,4260,4260,0,0
D,50000,20000,36862,19976,F,3798,3798,0,0
D,50000,20000,6851,7622,T,3716,4054,133,4
D,50000,20000,16434,19100,T,1999,4002,122,4
D,50000,20000,31783,8377,F,3895,3895,0,0
D,50000,20000,30783,1074,F,4059,4059,0,0
D,50000,20000,17938,9975,F,4419,4419,0,0
D,50000,20000,40237,14730,F,3938,3938,0,0
D,50000,20000,22933,19323,T,785,2918,116,4
D,50000,20000,16627,18081,T,3369,4417,93,4
D,50000,20000,26793,19257,F,4592,4592,0,0
D,50000,20000,23184,1686,F,4475,4475,0,0
D,50000,20000,18802,14064,T,2258,3961,165,5
D,50000,20000,18965,8481,T,1939,4037,132,4
D,50000,20000,37378,18902,F,4783,4783,0,0
D,50000,20000,37729,15760,F,4263,4263,0,0
D,50000,20000,25137,18365,F,4085,4085,0,0
D,50000,20000,13222,1360,F,4304,4304,0,0
D,50000,20000,38151,13881,T,2233,3994,107,4
D,50000,20000,7983,7780,T,1957,3357,152,5
D,50000,20000,36863,538,F,3974,3974,0,0
D,50000,20000,17343,3637,F,4289,4289,0,0
D,50000,20000,19868,16465,F,4005,4005,0,0
D,50000,20000,8457,14654,F,3542,3542,0,0
D,50000,20000,37095,11513,F,3320,3320,0,0
D,50000,20000,38985,19961,F,4166,4166,0,0
D,50000,20000,47041,6370,T,3089,4263,113,4
D,50000,20000,10703,3233,F,3240,3240,0,0
D,50000,20000,34146,11112,T,251,2162,73,3
D,50000,20000,19376,10378,F,2879,2879,0,0
D,50000,20000,24621,4517,F,3838,3838,0,0
D,50000,20000,30310,18747,F,4625,4625,0,0
D,50000,20000,7744,4349,T,3553,4379,232,7
D,50000,20000,43958,19919,F,3882,3882,0,0
D,50000,20000,16004,4119,T,4197,4460,134,4
D,50000,20000,14398,16568,F,4653,4653,0,0
D,50000,20000,7040,162,F,831,831,0,0
D,50000,20000,990,423,T,266,2274,84,3
D,50000,20000,13044,15883,F,3573,3573,0,0
D,50000,20000,32330,9192,T,711,3845,126,4
D,50000,20000,48086,17400,T,109,4513,92,3
D,50000,20000,13626,7287,F,3703,3703,0,0
D,50000,20000,37654,11286,T,60,3307,86,2
D,50000,20000,2251,18347,F,3669,3669,0,0
D,50000,20000,46015,11239,F,2953,2953,0,0
D,50000,20000,36893,16802,T,881,3197,119,5
D,50000,20000,49536,9767,F,3931,3931,0,0
D,50000,20000,38663,7682,T,931,3779,124,4
D,50000,20000,47299,5871,F,3183,3183,0,0
D,50000,20000,39274,17463,T,351,3064,105,3
D,50000,20000,6599,12161,F,3799,3799,0,0
D,50000,20000,14660,5791,F,3752,3752,0,0
D,50000,20000,3893,19406,F,3864,3864,0,0
D,50000,20000,42136,12177,F,4239,4239,0,0
D,50000,20000,4199,19392,F,3833,3833,0,0
D,50000,20000,46173,376,F,3510,3510,0,0
D,50000,20000,38658,8059,F,4220,4220,0,0
D,50000,20000,2786,8882,F,4397,4397,0,0
D,50000,20000,41446,11890,F,4077,4077,0,0
D,50000,20000,10729,17651,F,4460,4460,0,0
D,50000,20000,7658,5688,F,4506,4506,0,0
D,50000,20000,14499,8520,T,898,3719,84,3
D,50000,20000,13215,4984,F,4544,4544,0,0
D,50000,20000,45756,12940,F,4488,4488,0,0
D,50000,20000,26943,15263,F,4730,4730,0,0
D,50000,20000,43901,7628,T,2344,4499,112,4
D,50000,20000,35569,10602,T,322,4532,49,3
D,50000,20000,6543,11726,F,3854,3854,0,0
D,50000,20000,11474,12942,T,470,2657,99,3
D,50000,20000,1360,5752,F,4267,4267,0,0
D,50000,20000,26621,2637,T,3112,4037,190,6
D,50000,20000,43783,5301,F,4090,4090,0,0
D,50000,20000,46586,1699,F,4571,4571,0,0
D,50000,20000,29820,3661,F,4863,4863,0,0
D,50000,20000,529,634,T,3899,4770,158,6
D,50000,20000,489,16832,F,4760,4760,0,0
D,50000,20000,23443,7020,F,4282,4282,0,0
D,50000,20000,45356,8137,T,544,3694,89,3
D,50000,20000,34902,15906,F,4856,4856,0,0
D,50000,20000,8267,1985,F,4350,4350,0,0
D,50000,20000,30741,16885,T,1540,4762,102,4
D,50000,20000,16855,789,F,4540,4540,0,0
D,50000,20000,30941,7928,T,1281,4536,104,4
D,50000,20000,43431,12553,F,4601,4601,0,0
D,50000,20000,9680,14068,F,4589,4589,0,0
D,50000,20000,18186,7213,F,4414,4414,0,0
D,50000,20000,26345,16115,T,2258,4225,124,4
D,50000,20000,27221,3723,T,620,3886,88,3
D,50000,20000,14838,8769,F,3898,3898,0,0
D,50000,20000,43964,7203,T,870,3941,62,3
D,50000,20000,29423,18483,F,3475,3475,0,0
D,50000,20000,11100,17887,F,3187,3187,0,0
D,50000,20000,40122,577,F,3639,3639,0,0
D,50000,20000,49261,2711,F,4580,4580,0,0
D,50000,20000,1930,14906,T,1405,3457,107,4
D,50000,20000,3304,404,F,4226,4226,0,0
D,50000,20000,28996,12520,T,62,2002,68,2
D,50000,20000,2235,1151,F,3649,3649,0,0
D,50000,20000,3642,15756,F,2485,2485,0,0
D,50000,20000,41916,17566,F,3808,3808,0,0
D,50000,20000,44394,7974,F,3570,3570,0,0
D,50000,20000,216,13157,F,3352,3352,0,0
D,50000,20000,2515,17529,T,1149,3573,107,4
D,50000,20000,14414,18955,F,3906,3906,0,0
D,50000,20000,18867,4766,F,3585,3585,0,0
D,50000,20000,39007,17900,T,2144,3778,146,5
D,50000,20000,28084,12678,F,4016,4016,0,0
D,50000,20000,49940,10306,T,1514,3697,136,4
D,50000,20000,16833,10688,F,4244,4244,0,0
D,50000,20000,10986,6616,F,4622,4622,0,0
D,50000,20000,44677,8997,F,4138,4138,0,0
D,50000,20000,45916,18770,T,2796,4163,210,5
D,50000,20000,29073,19089,T,548,3423,104,3
D,50000,20000,32112,18639,F,4532,4532,0,0
D,50000,20000,40614,3867,F,4352,4352,0,0
D,50000,20000,16512,14306,F,3454,3454,0,0
D,50000,20000,3617,468,T,707,3332,99,4
D,50000,20000,539,10243,F,3995,3995,0,0
D,50000,20000,15276,12205,T,2862,3146,141,5
D,50000,20000,48522,8226,F,4106,4106,0,0
D,50000,20000,38519,11448,F,3625,3625,0,0
D,50000,20000,9795,7898,T,1632,4326,90,4
D,50000,20000,29785,1414,F,4355,4355,0,0
D,50000,20000,49663,18118,F,2203,2203,0,0
D,50000,20000,37408,2430,T,2471,4466,158,5
D,50000,20000,33435,5927,F,3969,3969,0,0
D,50000,20000,25741,12724,F,4189,4189,0,0
D,50000,20000,9043,1520,F,4768,4768,0,0
D,50000,20000,24653,13539,F,4267,4267,0,0
D,50000,20000,37877,6688,T,1882,3775,112,4
D,50000,20000,6412,10085,T,513,3633,94,3
D,50000,20000,11699,18632,T,1115,3325,130,5
D,50000,20000,1230,17906,F,3960,3960,0,0
D,50000,20000,49113,6770,F,3979,3979,0,0
D,50000,20000,29489,6306,F,4084,4084,0,0
D,50000,20000,11935,15952,F,4283,4283,0,0
D,50000,20000,17714,17278,F,3857,3857,0,0
D,50000,20000,35337,1999,F,4218,4218,0,0
D,50000,20000,36564,13457,F,4008,4008,0,0
D,50000,20000,31131,19329,F,4044,4044,0,0
D,50000,20000,39496,2010,T,1857,4209,84,4
D,50000,20000,22790,4344,T,2026,4222,209,5
D,50000,20000,18056,7551,F,3920,3920,0,0
D,50000,20000,30864,3041,F,3798,3798,0,0
D,50000,20000,36030,3072,F,4060,4060,0,0
D,50000,20000,27428,8596,F,3786,3786,0,0
D,50000,20000,15554,8433,F,4559,4559,0,0
D,50000,20000,34639,700,F,4436,4436,0,0
D,50000,20000,46037,13848,T,2894,4079,87,4
D,50000,20000,15009,19110,F,4639,4639,0,0
D,50000,20000,15686,2347,F,3454,3454,0,0
D,50000,20000,34677,10993,T,1567,4695,115,4
D,50000,20000,9173,15439,F,3995,3995,0,0
D,50000,20000,363,9130,F,4421,4421,0,0
D,50000,20000,38081,11209,F,4943,4943,0,0
D,50000,20000,19634,16325,F,4486,4486,0,0
D,50000,20000,32259,12776,F,4497,4497,0,0
D,50000,20000,48979,9353,F,4483,4483,0,0
D,50000,20000,5174,17916,F,4433,4433,0,0
D,50000,20000,34731,6799,F,4261,4261,0,0
D,50000,20000,33631,6198,T,2835,4498,95,4
D,50000,20000,37012,11956,F,4525,4525,0,0
D,50000,20000,25953,1292,F,4418,4418,0,0
D,50000,20000,47576,12334,T,2661,3834,126,4
D,50000,20000,1029,16282,F,4551,4551,0,0
D,50000,20000,8333,2925,T,2108,3969,128,6
D,50000,20000,642,18588,F,4726,4726,0,0
D,50000,20000,14772,8720,T,2490,3070,143,4
D,50000,20000,33508,19558,F,4431,4431,0,0
D,50000,20000,12310,4477,F,4508,4508,0,0
D,50000,20000,3592,7551,F,4157,4157,0,0
D,50000,20000,43973,10927,T,1720,4531,108,4
D,50000,20000,41956,2217,F,3988,3988,0,0
D,50000,20000,12756,13959,F,4537,4537,0,0
D,50000,20000,2079,3516,F,4376,4376,0,0
D,50000,20000,40888,12447,F,4439,4439,0,0
D,50000,20000,36386,8102,F,4361,4361,0,0
D,50000,20000,7493,2775,F,4455,4455,0,0
D,50000,20000,3129,10718,F,4596,4596,0,0
D,50000,20000,3915,13473,F,4519,4519,0,0
D,50000,20000,34357,14735,T,1044,3970,107,4
D,50000,20000,15842,3,T,660,4348,79,3
D,50000,20000,22989,5335,F,4609,4609,0,0
D,50000,20000,37114,8695,F,4560,4560,0,0
D,50000,20000,33076,11603,F,4486,4486,0,0
D,50000,20000,7965,11306,F,4533,4533,0,0
D,50000,20000,14733,14204,F,4195,4195,0,0
D,50000,20000,17850,3690,T,411,4201,67,3
D,50000,20000,1210,13227,F,4534,4534,0,0
D,50000,20000,43341,17910,F,4451,4451,0,0
D,50000,20000,47473,16883,F,4370,4370,0,0
D,50000,20000,45922,9771,T,3214,4211,99,4
D,50000,20000,35149,4712,F,4546,4546,0,0
D,50000,20000,4666,5055,T,3233,4582,123,4
D,50000,20000,11706,19876,F,4428,4428,0,0
D,50000,20000,8808,5466,T,1096,4328,207,6
D,50000,20000,47557,5461,F,4533,4533,0,0
D,50000,20000,43841,7742,F,3391,3391,0,0
D,50000,20000,36502,5297,F,4200,4200,0,0
D,50000,20000,46126,12813,T,3489,4052,154,5
D,50000,20000,44778,5435,F,4759,4759,0,0
D,50000,20000,290,14315,F,3115,3115,0,0
D,50000,20000,42431,801,T,1856,3341,118,5
D,50000,20000,24314,15461,T,3171,3948,167,6
D,50000,20000,38569,1234,F,2710,2710,0,0
D,50000,20000,7735,2535,F,4126,4126,0,0
D,50000,20000,28093,4693,F,4490,4490,0,0
D,50000,20000,18244,6217,T,2176,4384,164,6
D,50000,20000,3007,17484,F,4819,4819,0,0
D,50000,20000,5440,18613,T,3831,4045,160,5
D,50000,20000,1305,12920,F,3878,3878,0,0
D,50000,20000,4250,8041,F,3857,3857,0,0
D,50000,20000,31126,15039,F,4404,4404,0,0
D,50000,20000,8543,17484,T,1824,2901,151,4
D,50000,20000,37174,17148,T,1106,4357,180,5
D,50000,20000,28881,9570,F,4965,4965,0,0
D,50000,20000,1837,11275,T,1730,4832,70,4
D,50000,20000,46089,17464,T,1437,4934,125,4
D,50000,20000,9943,9882,T,2644,4424,122,4
D,50000,20000,41982,13526,T,4212,4631,102,4
D,50000,20000,1337,5563,F,4379,4379,0,0
D,50000,20000,29659,15271,F,4535,4535,0,0
D,50000,20000,33384,213,F,4762,4762,0,0
D,50000,20000,19702,16054,F,4432,4432,0,0
D,50000,20000,12921,13792,F,4781,4781,0,0
D,50000,20000,25675,17645,T,4226,4715,179,6
D,50000,20000,5624,7357,F,4677,4677,0,0
D,50000,20000,30884,104,T,649,3993,104,4
D,50000,20000,42360,6264,T,2456,4545,133,4
D,50000,20000,42064,4637,F,4399,4399,0,0
D,50000,20000,22497,9663,F,4605,4605,0,0
D,50000,20000,26761,5196,F,4058,4058,0,0
D,50000,20000,44021,4869,T,2622,4214,160,4
D,50000,20000,19790,14434,T,2391,4377,147,5
D,50000,20000,32634,19960,F,4705,4705,0,0
D,50000,20000,21072,10925,F,4418,4418,0,0
D,50000,20000,43582,18145,T,3024,3850,95,4
D,50000,20000,4134,17422,F,3855,3855,0,0
D,50000,20000,22879,17290,F,4353,4353,0,0
D,50000,20000,41173,517,F,4440,4440,0,0
D,50000,20000,42327,10954,F,4287,4287,0,0
D,50000,20000,14516,10730,F,4160,4160,0,0
D,50000,20000,13099,12710,T,2169,4104,190,6
D,50000,20000,22470,11613,T,1221,4197,113,4
D,50000,20000,24403,4064,F,4449,4449,0,0
D,50000,20000,33439,14788,F,4396,4396,0,0
D,50000,20000,30137,18198,F,4442,4442,0,0
D,50000,20000,27219,65,T,1778,4281,105,4
D,50000,20000,43929,8754,F,4350,4350,0,0
D,50000,20000,29998,17509,T,920,3714,114,4
D,50000,20000,15737,8596,F,4561,4561,0,0
D,50000,20000,15427,19743,F,4208,4208,0,0
D,50000,20000,13493,9911,F,4338,4338,0,0
D,50000,20000,22,4145,F,4153,4153,0,0
D,50000,20000,17683,13263,F,4675,4675,0,0
D,50000,20000,46441,12660,F,4794,4794,0,0
D,50000,20000,12378,7965,T,1059,4229,100,4
D,50000,20000,30521,17661,T,3475,3583,99,4
D,50000,20000,27583,16977,F,5198,5198,0,0
D,50000,20000,14218,6527,T,2216,4802,126,4
D,50000,20000,10540,7444,T,3097,3104,161,5
D,50000,20000,29607,5928,F,4941,4941,0,0
D,50000,20000,15363,1482,F,4451,4451,0,0
D,50000,20000,24046,18710,T,387,4946,121,4
D,50000,20000,40584,12688,T,3812,5112,78,4
D,50000,20000,3028,12824,T,1105,4884,136,4
D,50000,20000,33101,17428,T,3851,5003,150,6
D,50000,20000,11691,12080,T,64,1837,67,2
D,50000,20000,33236,1088,F,4913,4913,0,0
D,50000,20000,22552,6020,T,1740,4803,147,5
D,50000,20000,47373,17537,F,4961,4961,0,0
D,50000,20000,35608,9234,T,2288,4918,68,4
D,50000,20000,45169,14742,F,4990,4990,0,0
D,50000,20000,8519,4351,T,3084,5039,143,5
D,50000,20000,1309,13522,F,5005,5005,0,0
D,50000,20000,15062,6300,T,4812,4870,166,6
D,50000,20000,17380,983,F,4960,4960,0,0
D,50000,20000,5080,111,F,4554,4554,0,0
D,50000,20000,16875,16089,F,4894,4894,0,0
D,50000,20000,43028,14239,T,1007,5225,123,4
D,50000,20000,36421,15297,F,2809,2809,0,0
D,50000,20000,41732,2000,F,5398,5398,0,0
D,50000,20000,27899,11695,F,5313,5313,0,0
D,50000,20000,32460,18588,T,4581,5390,189,6
